datetime,heart,breath,sleep,tfRSA,tmHR,sfRSA,smHR,sdfRSA,sdmHR,stfRSA,stmHR
00:40:00,68.74382711864406,21.370555932203388,5.0,0.4680237288135593,5.2015576271186434,21.245042372881354,67.13510338983052,0.2209406779661017,3.992786440677966,0.4669610169491526,4.977057627118644
00:41:00,69.92362711864408,17.954711864406775,5.0,0.2358593220338983,2.116430508474576,18.948708474576275,70.94552372881355,0.15336440677966096,1.6831932203389832,0.33617288135593215,2.3728813559322033
00:42:00,80.03117966101695,15.184816949152541,5.0,0.25980677966101695,1.3477288135593222,15.558776271186437,77.60233559322035,0.1464677966101695,1.0134661016949154,0.2781627118644068,1.5661
00:43:00,80.08121186440677,19.24514745762712,5.0,0.39459999999999995,2.0477694915254236,18.145881355932204,81.04840169491524,0.11830508474576272,1.449513559322034,0.3191491525423729,1.9043677966101693
00:44:00,78.14716949152545,17.010162711864407,5.0,0.4089271186440678,2.3483610169491524,17.338391525423727,80.30948813559321,0.10039322033898303,1.1937084745762712,0.4121610169491526,1.6521728813559322
00:45:00,77.7406152542373,22.738303389830513,5.0,0.24788305084745763,2.167535593220339,21.443937288135594,76.59541525423727,0.12842033898305086,2.187557627118644,0.3179949152542373,2.7491677966101693
00:46:00,79.28331355932202,23.190438983050846,5.0,0.1083,3.90307627118644,23.423237288135592,78.09252881355931,0.05961186440677965,3.5719525423728817,0.12303898305084747,4.228683050847458
00:47:00,78.3533711864407,21.857586440677967,5.0,0.3865406779661017,1.8037203389830507,22.831640677966103,79.54690847457626,0.07404915254237289,1.0645745762711865,0.2685016949152542,1.4186915254237293
00:48:00,68.30556440677965,16.846271186440678,5.0,0.41201016949152547,6.482777966101695,16.902179661016948,72.88394915254237,0.10356949152542375,5.278566101694915,0.424342372881356,6.32920338983051
00:49:00,61.48684915254237,18.837716949152544,5.0,0.39366610169491517,5.831961016949153,18.71381355932203,60.41741694915254,0.1161033898305085,4.326408474576271,0.3941372881355931,5.149701694915255
00:50:00,47.41883728813557,24.47718644067797,5.0,0.21894406779661016,2.112149152542373,23.142916949152543,50.83721186440678,0.09174406779661018,2.538759322033899,0.3416576271186441,3.5413644067796617
00:51:00,52.071894915254234,24.000293220338982,5.0,0.15403559322033897,0.47272542372881354,24.27594745762712,50.23607966101695,0.03693728813559322,0.25274745762711864,0.09160338983050846,0.3103
00:52:00,60.80213728813559,21.391577966101696,5.0,0.3430152542372882,2.620816949152543,22.168447457627128,57.67278135593221,0.17623050847457625,1.805513559322034,0.3218203389830508,2.1918389830508476
00:53:00,68.8422372881356,17.071186440677966,5.0,0.2825338983050847,3.839533898305085,17.990074576271184,69.12793559322034,0.12766779661016947,2.4297033898305087,0.3393101694915255,3.3255542372881357
00:54:00,61.80939830508474,18.858786440677967,5.0,0.3356881355932203,6.861932203389831,18.085988135593222,63.07182542372881,0.08988983050847457,5.533032203389831,0.25609830508474574,6.9560440677966096
00:55:00,65.6203152542373,16.65013220338983,5.0,0.2922915254237289,7.2862508474576275,17.478242372881358,63.707091525423735,0.08149322033898304,6.42524745762712,0.3372813559322033,7.564149152542371
00:56:00,66.77388983050847,17.223513559322036,5.0,0.40129661016949153,2.82671186440678,17.275084745762715,66.56851355932203,0.17260169491525423,1.7803050847457627,0.3800745762711864,2.7888881355932202
00:57:00,69.47855254237288,14.70782372881356,5.0,0.2631610169491525,3.0140881355932203,14.76284406779661,70.73061864406779,0.07723728813559322,2.568947457627119,0.29126610169491524,3.1805000000000003
00:58:00,59.96954237288136,18.673330508474574,5.0,0.28484067796610174,2.6297457627118646,17.99491186440678,61.01588983050846,0.10626271186440678,1.6457220338983052,0.2630745762711864,2.3153796610169493
00:59:00,68.51023898305084,17.05815593220339,5.0,0.2952627118644068,5.728347457627119,17.55871694915254,68.64630169491525,0.11864915254237286,4.007279661016949,0.29166779661016945,4.949645762711864
01:00:00,62.18184237288135,16.595157627118645,5.0,0.3658457627118644,7.954361016949152,17.023647457627117,62.72074915254237,0.12007627118644068,6.674906779661016,0.3197203389830508,8.511510169491526
01:01:00,54.350300000000004,16.506383050847457,5.0,0.21994745762711865,3.3866932203389832,16.263318644067798,55.21662203389831,0.16013050847457627,2.2412711864406782,0.3048033898305085,3.9329932203389832
01:02:00,65.50454915254237,17.033466101694916,5.0,0.2901322033898305,3.098754237288136,16.614845762711862,62.7292186440678,0.0994864406779661,2.3501593220338983,0.2656762711864407,3.1825406779661014
01:03:00,65.22331525423729,15.467538983050847,5.0,0.20616271186440677,3.9555050847457625,16.013455932203392,67.60639491525424,0.0979,1.9950627118644069,0.24504745762711866,2.5545542372881354
01:04:00,71.42886440677965,15.475181355932204,5.0,0.18428983050847458,2.2824796610169495,15.16039661016949,68.01590169491526,0.09080847457627118,2.6531220338983053,0.1825983050847458,3.6389457627118644
01:05:00,59.07471016949152,17.835140677966102,5.0,0.2636372881355932,6.8496881355932215,17.562854237288136,61.031916949152546,0.15930508474576272,5.686405084745763,0.2631457627118644,6.3151406779661015
01:06:00,62.424672881355924,17.266679661016948,5.0,0.31178135593220335,7.295562711864407,17.221105084745762,65.80866101694915,0.18368474576271185,5.43691186440678,0.293071186440678,6.453696610169491
01:07:00,59.02781525423729,16.22940847457627,5.0,0.20779322033898306,3.628486440677966,16.689569491525425,58.09012711864408,0.11687118644067798,2.816642372881356,0.22066779661016947,4.433140677966103
01:08:00,79.56120508474577,17.407037288135594,5.0,0.23034745762711864,2.0790186440677965,17.297584745762713,72.79596610169493,0.13355084745762713,1.6935322033898303,0.2489254237288136,2.7957305084745765
01:09:00,81.9036966101695,16.090445762711862,5.0,0.1983406779661017,1.327508474576271,16.306391525423727,82.91362203389832,0.11856610169491526,0.9668135593220338,0.21236949152542373,1.3721644067796612
01:10:00,79.62420847457626,14.182745762711866,5.0,0.19086779661016953,1.6544813559322031,14.429098305084745,79.03858813559323,0.08667966101694918,1.0528271186440679,0.1784169491525424,1.484972881355932
01:11:00,75.44793220338983,18.874783050847455,5.0,0.3320271186440678,2.2627576271186443,17.631323728813555,76.90463898305084,0.10499322033898308,1.2868423728813558,0.3228677966101694,1.8656118644067796
01:12:00,67.77279152542373,17.6363,5.0,0.21501525423728815,2.5040796610169487,17.994484745762712,70.28698983050847,0.09731355932203391,2.1043406779661016,0.2176440677966102,2.936935593220339
01:13:00,65.09734745762712,19.481410169491525,5.0,0.3227779661016949,5.365808474576272,19.44895593220339,62.332891525423726,0.11187288135593221,4.348091525423729,0.293493220338983,4.810493220338983
01:14:00,79.72325084745763,15.140991525423729,5.0,0.2590135593220339,2.065701694915254,15.84237627118644,78.65563559322034,0.1102135593220339,1.5441254237288138,0.2999542372881357,2.280349152542373
01:15:00,66.77679152542373,19.796766101694917,5.0,0.42339322033898313,5.267162711864407,18.66742203389831,70.0523881355932,0.12784745762711863,4.370103389830509,0.3778847457627118,5.15285593220339
01:16:00,56.75624915254237,18.03262711864407,5.0,0.4383915254237288,2.7047152542372883,18.12229830508475,63.33942881355932,0.19057457627118646,1.9834830508474575,0.4397593220338983,3.1243593220338988
01:17:00,51.43019999999999,18.84020677966102,5.0,0.2608440677966102,1.440908474576271,19.03138305084746,45.91903728813559,0.11146779661016949,1.2908593220338984,0.2966457627118644,1.545284745762712
01:18:00,62.86730338983052,21.004889830508482,5.0,0.30078135593220334,2.4425559322033896,20.552281355932205,61.631789830508474,0.12270508474576274,1.3446864406779662,0.2971237288135593,2.0322050847457627
01:19:00,60.06783050847458,21.98859322033898,5.0,0.19527118644067795,2.564330508474576,21.69058644067797,60.78079661016949,0.12648305084745762,1.8879118644067798,0.2446305084745763,2.585245762711865
01:20:00,69.45085423728813,21.652896610169492,3.0,0.09889322033898305,3.063594915254237,21.6455779661017,71.11219830508475,0.06676949152542373,1.815757627118644,0.10209999999999998,2.9247406779661014
01:21:00,54.13711355932203,21.746745762711864,3.0,0.12008135593220338,2.059201694915254,21.789577966101696,55.31421016949153,0.061476271186440674,1.6872796610169492,0.09231864406779662,2.362064406779661
01:22:00,53.72947288135593,20.761774576271186,3.0,0.21811525423728814,3.366608474576272,20.711025423728813,53.14691355932204,0.1284508474576271,2.3155677966101695,0.2254271186440678,2.8843050847457623
01:23:00,55.345877966101696,21.758889830508476,3.0,0.06732203389830507,1.459898305084746,21.84366949152542,55.431679661016965,0.03692203389830509,1.4301694915254237,0.09331694915254238,2.115191525423729
01:24:00,72.09982372881355,21.662706779661022,3.0,0.08297627118644067,2.0366152542372884,21.66107966101695,67.13502203389831,0.04943050847457628,1.068835593220339,0.08553728813559323,1.96234406779661
01:25:00,81.21123559322034,21.593501694915254,3.0,0.13999491525423727,2.58781186440678,21.727632203389835,79.36752542372882,0.059786440677966096,1.3577983050847457,0.0875915254237288,1.9073728813559323
01:26:00,74.11782881355933,20.300876271186443,3.0,0.1566135593220339,2.480564406779661,20.40423389830508,77.38589661016948,0.09787796610169491,1.9692237288135594,0.18775084745762713,3.0216593220338988
01:27:00,64.66985762711865,21.570738983050845,2.0,0.15635423728813558,2.4266898305084745,21.184113559322036,67.33179152542372,0.08030847457627119,1.165342372881356,0.15990677966101693,2.107798305084746
01:28:00,79.08938983050848,21.29917627118644,2.0,0.13692372881355933,2.529991525423729,21.565777966101695,74.94940847457627,0.07871694915254239,1.0848898305084747,0.13832203389830508,2.813138983050847
01:29:00,61.19842203389831,21.233430508474576,2.0,0.11156440677966101,4.390310169491526,21.0310813559322,60.1711406779661,0.07348813559322036,1.8579932203389833,0.12248983050847459,3.888798305084745
01:30:00,76.48305593220338,22.070852542372876,2.0,0.06855084745762713,1.8965983050847455,22.02477627118644,80.18073220338982,0.02983559322033898,0.917142372881356,0.0675,2.4159762711864405
01:31:00,84.36334745762711,21.6153593220339,2.0,0.07854406779661019,1.5986593220338983,21.5726593220339,78.0673966101695,0.024344067796610164,0.8473220338983052,0.0807864406779661,1.8593610169491523
01:32:00,82.17384745762712,22.04839830508475,2.0,0.08095254237288135,1.3311966101694914,21.92969322033898,84.26853898305086,0.022010169491525424,0.8725474576271188,0.07028305084745762,1.289735593220339
01:33:00,83.63564237288134,21.795137288135592,2.0,0.07957966101694915,1.0125525423728814,21.985523728813558,82.80689999999998,0.02416949152542373,0.7998864406779661,0.09195423728813559,1.038257627118644
01:34:00,84.16074576271185,22.15479661016949,2.0,0.05580677966101695,1.1523389830508475,22.087193220338985,85.2383220338983,0.02123050847457627,0.8488677966101694,0.06111186440677967,1.1834762711864406
01:35:00,85.39863898305086,21.960664406779657,2.0,0.06548305084745762,1.2356728813559323,22.092477966101697,83.93358135593222,0.016115254237288133,0.8230610169491527,0.052050847457627114,1.0804152542372882
01:36:00,75.47015762711865,21.22091694915255,2.0,0.0800186440677966,2.5644271186440677,21.284289830508477,78.73657118644067,0.045245762711864396,1.449864406779661,0.08672033898305086,2.0753338983050846
01:37:00,68.93010169491525,21.59979152542373,2.0,0.1176406779661017,1.6834338983050847,21.584971186440676,69.45094237288136,0.055,1.3782203389830507,0.11093050847457626,2.217284745762712
01:38:00,67.0236033898305,21.603055932203382,2.0,0.05468305084745762,1.5932898305084744,21.481742372881357,67.3398220338983,0.03138135593220339,0.9437745762711864,0.0594813559322034,1.5796101694915257
01:39:00,67.65696271186441,22.291045762711857,2.0,0.08753728813559324,2.9806389830508473,22.21767288135593,67.89905423728814,0.02473220338983051,1.984091525423729,0.07749152542372884,2.3919610169491525
01:40:00,70.48292033898305,21.64447118644068,2.0,0.049898305084745756,1.3552525423728814,21.722777966101695,70.20670508474576,0.028271186440677967,1.4741305084745764,0.07083728813559322,2.0514067796610167
01:41:00,63.05641694915254,21.564484745762716,2.0,0.054016949152542376,1.6620627118644071,21.669859322033894,64.64011694915254,0.023127118644067794,1.0432559322033899,0.05188474576271186,1.4142610169491523
01:42:00,65.70176271186442,21.84473050847458,2.0,0.06585084745762712,3.558071186440678,21.76743559322034,65.56313389830508,0.0224,2.1966949152542377,0.0641135593220339,3.0104271186440674
01:43:00,72.31277457627118,21.398384745762712,2.0,0.05340338983050847,1.3558525423728816,21.440974576271188,71.40072372881355,0.021422033898305087,1.2208372881355933,0.05419491525423729,2.0441881355932203
01:44:00,80.25336440677965,21.708638983050847,2.0,0.07076779661016948,2.0214983050847457,21.573105084745762,76.74251694915255,0.025288135593220337,1.8038389830508472,0.05982711864406779,2.1695525423728808
01:45:00,78.25319999999999,21.473628813559316,2.0,0.04416610169491525,6.176225423728814,21.605971186440676,79.1057627118644,0.02113559322033898,4.781549152542373,0.0584135593220339,4.709937288135594
01:46:00,82.9090186440678,20.603425423728815,2.0,0.1330372881355932,5.288847457627118,21.0910220338983,82.26437966101695,0.03385254237288135,3.718106779661017,0.07514745762711865,4.096242372881355
01:47:00,85.20092881355933,20.459159322033898,2.0,0.16100338983050844,1.1441101694915257,19.945408474576276,84.29587796610168,0.08486101694915255,2.105723728813559,0.20034406779661015,3.482984745762712
01:48:00,79.77018305084746,21.71158813559322,2.0,0.055167796610169496,2.479386440677967,21.584210169491524,81.48892372881356,0.024069491525423727,1.4236593220338982,0.06382033898305084,2.278166101694915
01:49:00,80.15891864406781,22.051101694915257,2.0,0.07251525423728812,3.5376152542372887,21.954810169491523,82.90222711864408,0.03927627118644069,2.0963881355932203,0.0706084745762712,2.4892474576271186
01:50:00,77.24510169491526,21.637971186440684,2.0,0.06855084745762713,2.9199322033898305,21.936976271186442,76.05840338983052,0.02342033898305085,1.8660559322033898,0.07032542372881358,3.309179661016949
01:51:00,79.20128644067798,20.861706779661016,2.0,0.06606271186440676,7.633964406779661,20.979438983050848,77.35930508474576,0.027342372881355933,5.244949152542372,0.06065254237288135,6.52693220338983
01:52:00,76.33809830508476,21.5627220338983,2.0,0.0779271186440678,8.446172881355933,21.413037288135587,78.81981355932204,0.025003389830508472,6.816176271186441,0.0875677966101695,8.176369491525424
01:53:00,73.10996949152543,21.654974576271186,2.0,0.1124271186440678,2.1295728813559323,21.708149152542372,72.51651355932202,0.028489830508474576,1.95794406779661,0.0899,3.373586440677966
01:54:00,73.24483050847458,21.35801016949153,2.0,0.05233220338983051,2.8318542372881357,21.192622033898303,76.27557118644069,0.01697457627118644,1.663193220338983,0.07432372881355931,2.9621677966101694
01:55:00,73.7634220338983,21.664830508474576,2.0,0.06017796610169491,3.1346847457627116,21.710866101694915,70.84152033898305,0.022467796610169493,1.725437288135593,0.04091694915254237,2.386359322033898
01:56:00,81.25087966101695,19.197745762711865,2.0,0.31660338983050845,1.6758796610169493,19.71054745762712,80.25822711864406,0.11308813559322034,2.407738983050847,0.25129830508474577,2.987418644067797
01:57:00,71.36171016949153,21.515613559322038,2.0,0.08795593220338982,3.5637694915254237,20.996425423728816,75.05352542372881,0.0655,2.3043677966101694,0.1752237288135593,2.693840677966102
01:58:00,66.2665033898305,22.131271186440674,2.0,0.054545762711864405,1.722747457627119,21.96225084745763,65.15290338983051,0.02956440677966102,1.4925101694915253,0.056176271186440675,2.536074576271187
01:59:00,61.0932593220339,22.038603389830513,2.0,0.04619830508474576,1.8379728813559322,22.098971186440675,62.82557118644068,0.025088135593220342,1.161515254237288,0.046501694915254244,1.8414101694915253
02:00:00,53.97084745762712,22.263728813559325,2.0,0.05956101694915254,1.9837932203389832,22.296916949152543,55.65378474576272,0.030350847457627117,1.2468338983050844,0.04591186440677966,1.8986305084745763
02:01:00,54.90940169491525,21.632466101694913,2.0,0.07453389830508475,2.126777966101695,21.701920338983047,56.33107457627119,0.043128813559322035,1.76055593220339,0.08095932203389831,2.3009220338983045
02:02:00,50.64960169491526,21.604128813559324,2.0,0.04832372881355932,1.7328745762711864,21.64625254237288,53.0893406779661,0.03225254237288135,0.954157627118644,0.048032203389830504,1.7140915254237286
02:03:00,46.921550847457624,21.830962711864405,2.0,0.054262711864406774,1.1949508474576271,21.749391525423732,43.18126610169491,0.03819322033898305,0.5943271186440678,0.05620677966101695,0.8781406779661016
02:04:00,49.423971186440674,22.47014237288135,2.0,0.07309661016949152,2.317669491525424,22.339211864406785,50.6788593220339,0.03254237288135593,1.237915254237288,0.07137288135593221,2.1564644067796612
02:05:00,56.71218644067797,22.157696610169488,2.0,0.03386949152542373,1.3140355932203391,22.212474576271187,56.45610508474576,0.021096610169491523,1.0965406779661018,0.04372542372881356,1.666613559322034
02:06:00,47.72897966101695,22.194716949152543,2.0,0.06163728813559322,1.760145762711864,22.248937288135593,50.88404406779661,0.02292372881355932,1.1811322033898306,0.050555932203389824,1.9469694915254234
02:07:00,53.82598644067796,22.215803389830505,2.0,0.06718813559322034,3.0245033898305085,22.187491525423727,52.77371355932203,0.03679830508474576,1.5645983050847456,0.062008474576271184,2.424789830508474
02:08:00,42.81235593220339,21.859398305084746,2.0,0.06651186440677966,0.8434559322033898,21.90458644067797,43.188625423728816,0.06170338983050847,0.9370440677966102,0.0860779661016949,1.2513762711864405
02:09:00,44.27970847457628,22.251232203389836,2.0,0.05176949152542372,3.5280322033898304,22.152725423728814,43.13036101694915,0.013288135593220339,1.7354457627118647,0.03647288135593221,1.645528813559322
02:10:00,41.935544067796606,22.017245762711863,2.0,0.07838983050847456,0.8299762711864407,22.01282711864406,43.034620338983046,0.02833728813559322,2.1874745762711862,0.08366610169491526,2.6126457627118644
02:11:00,47.82781016949153,21.66473728813559,2.0,0.18220677966101692,2.558174576271187,21.691311864406778,45.599957627118634,0.08954237288135594,1.4091983050847459,0.14165084745762713,1.8016677966101695
02:12:00,67.73003728813559,18.379538983050853,2.0,0.3327881355932203,3.918749152542373,19.808677966101694,61.802588135593226,0.07915593220338983,2.3632254237288133,0.3322694915254238,4.520528813559323
02:13:00,68.08726779661018,18.489781355932205,3.0,0.3263440677966102,4.779744067796609,18.2165593220339,67.54468644067798,0.07469491525423728,2.7280440677966102,0.2774915254237288,4.302689830508474
02:14:00,78.2086118644068,16.17977627118644,3.0,0.4557220338983051,2.0898762711864403,15.85104406779661,78.93349661016948,0.10990847457627118,2.027635593220339,0.41540338983050845,2.829216949152542
02:15:00,77.9317406779661,21.7501,3.0,0.38991186440677966,3.361740677966101,21.533981355932205,75.06337966101695,0.10896440677966102,2.3085779661016947,0.41442372881355927,3.2674525423728817
02:16:00,65.67070677966102,16.11578813559322,3.0,0.28545084745762705,5.314020338983052,17.247401694915254,74.89684576271186,0.09527627118644068,2.4096881355932207,0.3352322033898305,3.51018813559322
02:17:00,52.475733898305094,17.446342372881357,3.0,0.2789881355932204,7.836330508474576,17.0182220338983,51.18074406779662,0.12048474576271187,5.563281355932203,0.28895932203389824,7.574081355932203
02:18:00,59.6979627118644,17.513149152542375,3.0,0.29614237288135586,5.100015254237288,17.271305084745762,56.99666101694915,0.12402711864406779,4.965152542372882,0.27633389830508476,6.361901694915255
02:19:00,63.506722033898306,17.591910169491523,3.0,0.18953898305084746,3.164340677966102,17.448589830508478,65.1187406779661,0.1348271186440678,2.662613559322034,0.23770847457627117,3.695249152542373
02:20:00,60.025083050847456,17.83584406779661,3.0,0.2712203389830508,3.9291508474576275,18.12275593220339,56.70311355932203,0.15981186440677964,2.625645762711865,0.21894576271186436,3.822733898305084
02:21:00,75.91126440677968,14.806672881355933,3.0,0.3416186440677967,10.465659322033897,15.161106779661017,70.29183389830509,0.1476491525423729,7.4750474576271175,0.29866949152542377,8.857028813559324
02:22:00,58.26257796610169,20.190157627118644,3.0,0.390457627118644,4.916596610169492,19.17326440677966,70.16244576271185,0.16893559322033896,4.2977779661016955,0.45252203389830514,6.689452542372882
02:23:00,59.51224576271186,19.00465593220339,3.0,0.2070728813559322,2.983386440677965,19.481700000000004,57.5836152542373,0.13466271186440676,2.2347237288135595,0.23572881355932204,2.9363
02:24:00,42.79677457627119,18.360227118644072,3.0,0.23878305084745763,1.070122033898305,18.043825423728816,46.577911864406786,0.12213389830508475,0.9516881355932202,0.2160983050847458,1.5812915254237285
02:25:00,46.46917118644067,18.24309152542373,3.0,0.33685932203389823,1.8017813559322036,19.061071186440678,42.870027118644074,0.1285694915254237,0.7440169491525425,0.2880711864406779,0.9085949152542372
02:26:00,62.254622033898315,17.417508474576273,3.0,0.28010677966101694,7.192301694915254,16.645313559322034,60.750520338983044,0.08685932203389829,4.260027118644067,0.33335254237288137,4.751477966101695
02:27:00,63.393132203389825,18.58239152542373,3.0,0.1831,6.757610169491525,18.601483050847456,64.37564406779661,0.11475762711864407,6.854611864406778,0.18647288135593218,9.129661016949152
02:28:00,47.64680169491526,18.488284745762716,3.0,0.24736779661016953,3.393013559322033,18.312922033898307,50.657633898305086,0.13790000000000002,2.8425457627118647,0.24016101694915254,3.7665186440677965
02:29:00,49.20668983050847,19.836723728813556,3.0,0.10185593220338984,4.8692355932203375,19.892574576271187,49.19225084745762,0.05031355932203389,3.604177966101695,0.15286779661016953,4.287162711864407
02:30:00,48.96909322033898,19.683574576271184,3.0,0.10518305084745763,5.630728813559322,19.671564406779662,47.91726440677966,0.056999999999999995,4.225123728813559,0.0989542372881356,6.183579661016949
02:31:00,59.66621525423729,19.079115254237287,3.0,0.11824237288135593,3.4673999999999996,19.278798305084745,56.49016440677966,0.055627118644067795,2.1167457627118647,0.11255254237288137,2.985330508474577
02:32:00,57.80338813559321,20.154316949152545,3.0,0.1393677966101695,5.702367796610169,19.685484745762704,58.07053559322033,0.057915254237288126,3.3781,0.12308813559322032,4.1559372881355925
02:33:00,63.950889830508466,20.69578305084746,3.0,0.10711864406779661,4.933586440677967,20.685576271186438,65.04381525423729,0.08516949152542373,4.6493322033898306,0.11686440677966102,5.519491525423728
02:34:00,57.062583050847465,20.97738813559322,3.0,0.1258,9.923950847457625,20.936555932203387,59.55057288135593,0.06790508474576272,8.106616949152542,0.1176406779661017,10.777125423728814
02:35:00,59.473103389830506,16.46889491525424,3.0,0.5010983050847457,10.478140677966103,17.57516440677966,57.22237288135594,0.05659322033898305,8.227603389830508,0.39622033898305087,10.420193220338982
02:36:00,69.6602559322034,19.525372881355935,3.0,0.2066627118644068,2.322893220338983,18.742828813559328,66.77303220338983,0.042230508474576274,2.6303474576271184,0.3088881355932203,3.8609406779661017
02:37:00,72.2892,20.70186440677966,3.0,0.06820169491525424,0.0,20.34003728813559,72.20275423728815,0.03703050847457627,0.05319152542372881,0.09625084745762714,0.10551864406779662
02:38:00,72.7668084745763,21.205325423728816,3.0,0.06193389830508475,0.1083322033898305,21.1555406779661,72.55603728813561,0.02640508474576271,0.06560338983050848,0.06350847457627118,0.06470677966101694
02:39:00,74.18749830508474,21.011545762711865,3.0,0.07895254237288135,0.11744067796610168,21.005189830508474,73.91182372881354,0.01744745762711864,0.10373389830508475,0.07378305084745763,0.1441457627118644
02:40:00,74.27490000000002,21.539732203389832,3.0,0.05549661016949151,0.003647457627118644,21.515296610169493,74.26999661016951,0.037667796610169495,0.01622542372881356,0.06152542372881357,0.023654237288135593
02:41:00,74.27490000000002,20.934081355932204,3.0,0.07201186440677966,0.0,21.15830169491525,74.27490000000002,0.03289322033898305,0.0,0.06767118644067796,0.0
02:42:00,79.59836949152542,20.318269491525424,3.0,0.23401694915254234,0.9674,20.81405254237288,76.39075254237287,0.04829830508474576,0.6685322033898303,0.12791694915254237,0.6038610169491525
02:43:00,65.92758305084747,17.275025423728813,3.0,0.2802813559322034,4.150013559322034,17.593086440677965,72.78006779661017,0.17664745762711864,2.4635152542372873,0.31966440677966107,2.9566779661016946
02:44:00,63.78077966101694,17.546842372881358,3.0,0.2702305084745763,2.114315254237288,17.003033898305084,59.7332813559322,0.11191355932203391,3.293879661016949,0.2903983050847458,3.6666050847457634
02:45:00,72.68378305084745,19.479194915254237,3.0,0.15471016949152544,1.6711932203389832,19.516296610169494,72.52990338983051,0.11671864406779661,1.1748644067796612,0.16845932203389827,1.5377847457627118
02:46:00,65.68652372881355,18.59181694915254,3.0,0.09879322033898304,4.339820338983051,18.724313559322038,66.85319491525422,0.08223728813559322,2.9156406779661017,0.12170338983050848,3.252627118644068
02:47:00,74.39069661016948,19.172271186440675,3.0,0.2074491525423729,0.20713389830508475,19.043884745762707,73.17900508474578,0.10180338983050848,0.8084,0.15677457627118643,1.240184745762712
02:48:00,59.829483050847465,17.90820847457627,3.0,0.3001915254237288,8.812018644067797,18.328605084745764,64.8021779661017,0.14043050847457625,6.423910169491526,0.3204694915254237,6.826528813559323
02:49:00,73.15192711864407,19.54086271186441,3.0,0.2361220338983051,1.9890389830508475,18.81310677966102,68.32487118644069,0.12291864406779661,2.5842576271186437,0.27491694915254233,3.872681355932203
02:50:00,67.9130220338983,18.874762711864406,3.0,0.33761186440677965,3.268847457627119,19.052989830508473,67.77106101694915,0.09173220338983049,2.6161305084745767,0.2529779661016949,3.0922169491525424
02:51:00,72.43746271186443,17.782810169491526,3.0,0.4096389830508475,3.255562711864407,17.815544067796612,73.6937559322034,0.09198983050847456,1.3803525423728815,0.4394508474576271,1.4613813559322035
02:52:00,78.65004915254237,17.349884745762715,3.0,0.2994881355932203,1.4236796610169493,17.75296779661017,74.04310169491525,0.10439661016949152,2.2797745762711865,0.3183610169491526,2.966699999999999
02:53:00,78.89832881355932,19.439996610169494,3.0,0.2370322033898305,4.6244745762711865,19.042937288135594,84.23004406779661,0.15330677966101694,1.911086440677966,0.23114237288135595,2.190567796610169
02:54:00,75.58119152542372,16.303310169491525,3.0,0.4360796610169492,8.096393220338983,16.697261016949152,71.46380847457627,0.16544576271186442,7.524910169491525,0.411235593220339,9.905523728813561
02:55:00,72.99493559322035,20.688777966101693,3.0,0.1418593220338983,5.414128813559322,19.85723050847458,76.21825423728814,0.07218813559322036,3.99693220338983,0.239528813559322,5.763777966101695
02:56:00,72.65936949152542,20.41006779661017,3.0,0.10900508474576272,1.9017847457627117,20.58821186440678,70.8194779661017,0.035949152542372874,1.3095610169491523,0.09868305084745763,2.1249881355932203
02:57:00,64.00885593220339,21.095162711864404,3.0,0.12096271186440677,2.333294915254237,21.066511864406777,68.69705084745762,0.04498813559322033,1.5754135593220342,0.11331694915254237,2.1933898305084747
02:58:00,59.24739661016949,19.54907966101695,3.0,0.19833559322033903,4.771683050847457,20.08662542372881,59.805372881355936,0.10267118644067796,2.5566779661016947,0.2014694915254237,3.8085423728813557
02:59:00,58.85286440677966,20.94805593220339,3.0,0.2386915254237288,2.7740949152542376,20.074372881355934,57.53555423728813,0.10987457627118644,2.1801644067796606,0.21451525423728812,3.4094322033898306
03:00:00,60.067915254237285,19.83488474576271,3.0,0.24152033898305086,2.891879661016949,20.307964406779664,58.67350169491525,0.08335423728813561,2.000777966101695,0.23381186440677967,3.1952932203389826
03:01:00,56.996872881355934,18.927489830508474,3.0,0.20916779661016952,7.402323728813561,19.079288135593224,58.51947288135594,0.1291135593220339,5.473272881355932,0.21222542372881353,6.801981355932204
03:02:00,65.25821525423729,20.527003389830504,3.0,0.21529491525423727,2.530233898305085,20.39502542372881,63.63377457627119,0.09500169491525425,2.2635152542372885,0.25106271186440676,3.2607559322033897
03:03:00,56.26348813559323,20.225642372881357,3.0,0.22815423728813558,3.9889355932203387,20.193562711864406,58.57272881355932,0.10944915254237289,2.389135593220339,0.15643050847457626,3.012983050847458
03:04:00,61.51409830508474,16.859081355932204,3.0,0.41376779661016955,6.680861016949152,17.977391525423727,59.71221355932203,0.21434745762711863,5.480111864406781,0.4060305084745763,6.720449152542373
03:05:00,54.844394915254234,19.318633898305087,3.0,0.3240474576271187,6.028981355932204,18.437872881355933,55.58832881355932,0.2077271186440678,4.669447457627119,0.38791016949152535,6.431579661016949
03:06:00,61.256838983050855,19.20904406779661,3.0,0.1668372881355932,3.105238983050847,19.415871186440683,63.01503220338982,0.06695593220338983,1.8484542372881354,0.18048813559322033,3.1319983050847457
03:07:00,70.4576338983051,18.95221355932203,3.0,0.34730169491525426,5.4924457627118635,19.21593728813559,65.31081186440677,0.09875254237288136,3.5870525423728807,0.2562084745762712,4.709428813559323
03:08:00,72.45458644067799,18.05061525423729,3.0,0.24476610169491522,3.6955389830508474,17.34585593220339,73.33236779661019,0.0667813559322034,4.081394915254237,0.2848966101694915,5.44486440677966
03:09:00,59.4069254237288,20.23684237288135,3.0,0.1590966101694916,8.319896610169492,20.41120338983051,61.3113779661017,0.04314237288135593,5.055433898305084,0.21586440677966104,6.103652542372882
03:10:00,57.45886779661017,19.848976271186437,3.0,0.20174237288135594,3.695835593220339,19.875752542372876,60.66674915254237,0.09338644067796609,3.8080389830508476,0.181064406779661,4.856961016949153
03:11:00,61.81418983050846,18.904927118644068,3.0,0.3154389830508475,6.525308474576271,18.694913559322035,59.7138,0.12682203389830507,4.273705084745763,0.2658508474576271,5.199894915254237
03:12:00,58.83318644067797,18.776788135593225,3.0,0.24202372881355932,8.248142372881357,19.480328813559318,57.04116610169492,0.11098644067796609,8.070050847457628,0.2821372881355933,9.812289830508476
03:13:00,69.22087966101694,19.458230508474575,3.0,0.2137186440677966,5.251130508474578,18.790386440677967,64.7514186440678,0.13118983050847458,3.518949152542373,0.20862711864406783,4.8151847457627115
03:14:00,59.781299999999995,16.301981355932202,3.0,0.35707288135593224,6.134850847457627,17.189162711864405,66.65055593220339,0.14903050847457627,3.401667796610169,0.33810847457627113,5.139844067796609
03:15:00,63.6332372881356,18.755257627118645,3.0,0.1998135593220339,6.140857627118645,18.298350847457623,59.64143898305084,0.06984745762711865,4.491522033898305,0.2502627118644068,6.155915254237288
03:16:00,61.64705084745763,15.85141525423729,3.0,0.35913389830508474,4.168393220338983,16.378789830508474,65.95628474576272,0.07181525423728813,4.7943,0.285471186440678,5.993238983050847
03:17:00,70.43248474576271,17.17340677966102,3.0,0.12831525423728815,1.8047338983050847,17.086806779661018,65.48522203389831,0.05833559322033899,1.2808203389830506,0.20467288135593223,2.028923728813559
03:18:00,68.76715084745763,17.164766101694916,3.0,0.31754915254237287,3.4930338983050846,16.537527118644068,70.07866101694916,0.07654406779661017,2.223779661016949,0.27116271186440677,2.8068067796610174
03:19:00,61.340362711864394,18.81256779661017,3.0,0.14216271186440677,1.1123101694915254,19.121354237288138,64.30288813559322,0.05926779661016948,1.58494406779661,0.1598,2.079362711864407
03:20:00,64.46427796610169,17.911359322033903,4.0,0.19395254237288131,4.723598305084746,18.2337186440678,64.28616949152543,0.09513220338983051,3.2660661016949155,0.17897966101694915,3.3452440677966098
03:21:00,73.40936440677966,18.94705423728814,4.0,0.28456779661016945,8.906672881355934,17.952393220338987,71.44784915254237,0.11176101694915254,6.207798305084745,0.2852355932203389,7.828491525423728
03:22:00,68.6071186440678,20.209957627118644,4.0,0.16195084745762714,3.012471186440678,20.572896610169494,70.804606779661,0.06004067796610169,2.4700813559322037,0.18386440677966104,3.2947491525423724
03:23:00,73.68481525423728,20.072157627118642,4.0,0.23505593220338986,1.1114237288135593,20.06804745762712,70.27403728813559,0.08623220338983052,2.150369491525424,0.2094406779661017,3.261315254237288
03:24:00,73.66018474576272,18.68067966101695,4.0,0.2208864406779661,0.038700000000000005,18.538647457627118,73.57434745762713,0.11697457627118643,0.028128813559322036,0.21917627118644065,0.04591525423728814
03:25:00,73.97538813559319,20.825316949152544,4.0,0.1813864406779661,0.1354915254237288,20.659966101694916,74.11287118644067,0.06515593220338982,0.10032372881355932,0.20781016949152545,0.15061186440677965
03:26:00,74.74082881355933,21.118732203389833,4.0,0.09886949152542372,0.13353220338983052,21.02585593220339,74.45501016949152,0.07197966101694914,0.10927288135593222,0.13371186440677965,0.12231186440677964
03:27:00,73.88545932203391,19.630537288135596,4.0,0.18620508474576272,0.07372203389830508,19.86786440677966,74.13227796610171,0.0793271186440678,0.0661220338983051,0.1579677966101695,0.08470847457627119
03:28:00,72.77604067796608,20.65262542372881,4.0,0.08995932203389831,0.042608474576271184,20.5707813559322,72.9655220338983,0.06583559322033898,0.017452542372881352,0.11411016949152543,0.06248305084745764
03:29:00,72.98601355932205,20.504223728813564,4.0,0.09304067796610169,0.08391694915254237,20.459744067796613,72.79862711864406,0.04702372881355931,0.019708474576271187,0.09530169491525424,0.0073
03:30:00,75.70611016949151,19.2148,4.0,0.19466610169491527,0.09296610169491525,19.49446440677966,75.19367288135592,0.06229661016949153,0.17341186440677964,0.15648305084745762,0.19257966101694918
03:31:00,76.04761864406778,20.01003728813559,4.0,0.12846440677966103,0.11717457627118644,19.854006779661013,75.85737457627118,0.06280338983050847,0.08421186440677968,0.1449728813559322,0.06499661016949151
03:32:00,76.37839999999997,20.43037966101695,4.0,0.16599491525423732,0.0,20.589505084745763,76.39692033898304,0.08305423728813557,0.023564406779661016,0.1649627118644068,0.0484
03:33:00,74.92505762711863,16.975603389830507,4.0,0.2730508474576271,2.952169491525424,17.867496610169486,78.39945084745762,0.12214745762711865,1.5878288135593217,0.25723389830508475,2.305006779661017
03:34:00,62.8444152542373,19.85908474576271,4.0,0.4887423728813559,2.9231457627118638,19.10538813559322,62.89371016949152,0.08672203389830507,1.970891525423729,0.4385084745762712,3.053940677966102
03:35:00,50.93626440677968,18.781188135593226,4.0,0.3639610169491525,3.1106067796610173,18.76798644067797,51.596559322033904,0.10184406779661016,2.216008474576271,0.3516762711864407,2.4420915254237285
03:36:00,69.99124406779661,16.141064406779662,4.0,0.44627966101694916,4.173430508474577,16.32464406779661,67.07467288135594,0.09480847457627117,3.568838983050848,0.4825050847457627,4.218559322033898
03:37:00,54.82448135593221,19.870159322033896,4.0,0.2937118644067796,1.7250152542372883,19.028466101694917,60.0021372881356,0.1796305084745763,1.3999491525423728,0.32180000000000003,2.3824237288135595
03:38:00,66.92795593220339,20.792738983050842,4.0,0.1226322033898305,1.7479644067796611,21.111671186440677,61.70923220338983,0.052394915254237284,1.2319711864406777,0.15401016949152543,1.7844932203389827
03:39:00,64.74529661016949,21.587225423728814,4.0,0.12191016949152542,2.217135593220339,21.124627118644064,66.52065254237289,0.05887118644067798,1.4620694915254235,0.14186949152542377,1.9409016949152547
03:40:00,60.314737288135596,20.194454237288134,4.0,0.22836779661016948,2.3360000000000003,20.989876271186443,62.25933389830509,0.07961525423728813,1.7508169491525425,0.18401864406779664,2.4885067796610176
03:41:00,58.07530169491526,22.045425423728805,4.0,0.370764406779661,2.288635593220339,20.621030508474576,57.55228474576271,0.17358644067796608,1.575822033898305,0.3460983050847458,2.1216796610169486
03:42:00,74.9162559322034,22.701857627118642,4.0,0.1819372881355932,1.9794152542372883,23.405471186440675,70.21814406779662,0.07495762711864404,1.442745762711864,0.20828305084745763,2.312549152542373
03:43:00,64.41519661016949,22.110328813559324,4.0,0.2428457627118644,2.3315033898305084,21.57533389830509,67.53271186440678,0.05920847457627118,1.163142372881356,0.24248135593220338,1.9383440677966102
03:44:00,67.26316779661016,21.845145762711862,4.0,0.23073050847457627,1.874262711864407,22.761672881355935,66.92847288135593,0.0576,1.6417338983050846,0.2157847457627119,2.2290372881355935
03:45:00,62.971994915254236,21.44776610169492,4.0,0.3223322033898306,3.5570779661016956,20.691435593220337,65.71927796610169,0.14118813559322033,2.107274576271186,0.30826610169491525,2.6599186440677967
03:46:00,69.84272542372881,22.09979491525424,4.0,0.2709576271186441,10.692913559322035,22.76650847457627,64.04000338983052,0.09027627118644067,7.716727118644068,0.2395423728813559,8.904772881355933
03:47:00,77.37433559322034,16.363423728813558,4.0,0.6495847457627119,2.8584186440677968,16.707108474576273,80.73783220338981,0.06784576271186442,3.406610169491525,0.5907237288135593,4.869771186440678
03:48:00,73.39998813559322,18.335128813559322,4.0,0.33187627118644075,2.129393220338983,18.99312033898305,70.21940847457627,0.10064237288135593,1.8893762711864408,0.45474576271186445,2.669025423728814
03:49:00,80.92444237288134,21.60979661016949,4.0,0.653893220338983,1.9146271186440678,20.41715084745763,82.79533898305084,0.12380338983050848,1.0699254237288136,0.516642372881356,1.3679372881355933
03:50:00,63.79160169491526,17.029506779661016,4.0,0.3762305084745763,3.6396,17.786027118644068,65.82027288135592,0.12133559322033896,3.6543694915254243,0.4690016949152543,4.490059322033897
03:51:00,66.04670338983051,18.928261016949154,4.0,0.24066101694915254,4.218918644067797,18.916430508474576,64.56489152542373,0.09792372881355933,2.298661016949153,0.2732271186440678,2.538667796610169
03:52:00,69.25175423728814,20.152027118644067,4.0,0.21387457627118645,3.980296610169491,19.441701694915256,66.24190508474577,0.12279830508474576,4.455496610169492,0.24951525423728813,5.966657627118646
03:53:00,70.51138644067795,19.44577627118644,4.0,0.22238474576271186,2.317230508474576,20.157189830508468,72.92330847457627,0.08272033898305085,2.124335593220339,0.17598983050847458,2.521322033898305
03:54:00,51.6130779661017,18.620518644067797,4.0,0.33394745762711864,6.268777966101696,17.925211864406776,56.47647118644068,0.10548813559322034,4.444298305084747,0.3104898305084746,5.1709220338983055
03:55:00,47.62829322033897,18.67618474576271,4.0,0.42254406779661025,1.348822033898305,19.433559322033897,46.75855932203389,0.09549830508474579,2.0082050847457626,0.4057338983050847,2.6548508474576273
03:56:00,64.64086101694916,18.051201694915253,3.0,0.2815322033898306,7.630528813559321,18.461166101694914,61.32705762711865,0.16241694915254237,5.388913559322034,0.35145084745762717,6.000781355932203
03:57:00,77.12290847457623,18.399028813559323,3.0,0.44641355932203386,5.0836474576271184,17.095718644067794,71.79741355932204,0.07576779661016947,4.7998271186440675,0.40190508474576275,6.595572881355933
03:58:00,81.50011016949155,21.39069322033898,3.0,0.1098135593220339,0.6670593220338983,21.63762372881356,83.96084915254237,0.04909491525423728,0.26670169491525425,0.16398983050847457,0.43778644067796607
03:59:00,74.55712372881355,20.8579813559322,3.0,0.13345254237288137,3.0687355932203393,20.58880508474576,74.31104406779663,0.06052542372881355,1.2604050847457624,0.15213898305084747,1.5706389830508476
04:00:00,78.12948474576272,21.116484745762712,3.0,0.11631864406779663,2.6848796610169496,21.265338983050846,78.03055423728816,0.038657627118644074,2.2211084745762713,0.10956949152542372,3.3452135593220342
04:01:00,76.37565084745762,20.850283050847455,3.0,0.09734745762711866,1.344384745762712,21.05333728813559,77.89415762711866,0.04449830508474577,1.6782101694915252,0.10480677966101694,2.267184745762712
04:02:00,71.51010847457627,19.83056779661017,3.0,0.07375254237288136,0.0428728813559322,19.9374220338983,71.42787118644068,0.027966101694915257,0.029183050847457627,0.07412542372881356,0.07626440677966102
04:03:00,76.55788135593222,20.893166101694913,3.0,0.10165762711864407,0.9192322033898305,20.521979661016953,76.35152881355934,0.03974915254237288,0.8540576271186441,0.08421525423728814,0.8247559322033899
04:04:00,73.05247627118644,21.57041355932203,3.0,0.21367966101694913,0.014872881355932203,21.79620338983051,73.0601,0.08843389830508475,0.08587796610169493,0.20046271186440678,0.1784423728813559
04:05:00,65.9590406779661,20.14397966101695,3.0,0.18991694915254237,2.551808474576271,20.2405593220339,69.89256610169492,0.0865457627118644,1.3335610169491525,0.21142372881355936,1.4796644067796612
04:06:00,68.5328559322034,20.375101694915255,3.0,0.09660169491525425,1.313964406779661,20.202794915254234,65.55146949152542,0.0619406779661017,1.4961271186440679,0.11299322033898306,2.4067745762711863
04:07:00,66.18455593220338,19.978928813559325,3.0,0.17790677966101698,4.991218644067797,20.31666101694915,66.3917813559322,0.05145423728813559,3.1519932203389827,0.13072881355932203,3.6257254237288135
04:08:00,54.194340677966096,21.488210169491516,3.0,0.18797627118644067,4.737250847457627,20.897672881355934,57.32797966101696,0.09603220338983053,3.1002220338983055,0.20518983050847456,5.141201694915254
04:09:00,66.36212881355932,21.622705084745764,3.0,0.20107118644067792,8.893289830508474,21.841883050847457,61.7828406779661,0.09145593220338984,7.670357627118644,0.17452542372881355,9.20587966101695
04:10:00,61.7359220338983,20.84727966101695,3.0,0.20534745762711865,5.187127118644068,21.01237457627118,63.28683728813559,0.11849322033898307,4.1693338983050845,0.22917457627118645,5.455928813559322
04:11:00,79.74151355932203,21.34954745762712,3.0,0.10723389830508474,7.650011864406778,21.08514745762712,77.03181694915256,0.04198305084745762,5.963540677966102,0.13391186440677966,6.24030338983051
04:12:00,75.69503389830508,21.713477966101696,3.0,0.08705932203389831,2.193223728813559,21.715933898305085,77.3887186440678,0.037405084745762714,2.4890338983050846,0.07202711864406779,3.9353135593220334
04:13:00,71.59271016949151,22.213105084745763,3.0,0.09142033898305085,0.16047627118644067,21.870084745762714,71.30360847457627,0.03631864406779661,0.11760677966101694,0.108071186440678,0.16550677966101693
04:14:00,74.8380254237288,21.829877966101698,3.0,0.09427457627118645,0.3251644067796611,22.254972881355933,73.92401186440676,0.026745762711864407,0.19282372881355933,0.07812372881355932,0.2803915254237288
04:15:00,72.0825254237288,21.67343898305085,3.0,0.10573559322033899,0.34689322033898307,21.441664406779665,73.39253050847458,0.016016949152542374,0.22285084745762715,0.09440338983050849,0.44074745762711853
04:16:00,72.28562542372882,21.61160338983051,3.0,0.13585593220338985,0.1691271186440678,21.445028813559325,71.78152372881355,0.054462711864406786,0.11568813559322035,0.14233559322033898,0.1324372881355932
04:17:00,70.8970186440678,22.18154915254237,3.0,0.04561694915254237,0.24612542372881355,22.31015593220339,71.33249491525422,0.02654915254237288,0.09151355932203392,0.06919830508474577,0.24824576271186444
04:18:00,73.59681186440677,19.900257627118645,3.0,0.27937966101694917,1.979077966101695,21.06292711864407,72.98719661016949,0.07242372881355931,1.2063949152542373,0.17774237288135594,0.9735559322033899
04:19:00,61.394552542372885,16.84336610169491,3.0,0.3208135593220339,3.169745762711864,16.54224576271186,64.81062033898304,0.13977627118644068,2.389828813559322,0.3550610169491525,3.4064033898305084
04:20:00,68.10871355932203,17.057206779661016,3.0,0.33358644067796617,3.7682254237288135,17.694944067796612,64.30979491525423,0.1192186440677966,2.675615254237288,0.33364745762711867,3.1666118644067796
04:21:00,50.953111864406786,18.127818644067798,3.0,0.24863728813559324,3.761349152542373,17.776003389830507,57.325452542372894,0.09621016949152543,3.3882508474576274,0.26537796610169495,4.8998423728813565
04:22:00,53.87815762711864,18.663225423728818,3.0,0.24535254237288137,2.7260118644067797,18.009716949152544,51.34935593220338,0.10324067796610169,1.7536474576271184,0.2343135593220339,2.4252711864406775
04:23:00,48.49119830508476,20.713342372881353,3.0,0.07815254237288137,4.277150847457627,20.560013559322034,51.95569152542374,0.042438983050847465,2.950294915254237,0.12612033898305083,3.8141305084745762
04:24:00,41.71570000000001,20.12223559322034,3.0,0.09873050847457628,0.0,20.250632203389834,42.56589491525425,0.04807796610169491,0.633493220338983,0.10151694915254238,1.1160949152542374
04:25:00,62.25047966101694,20.450803389830508,3.0,0.0836271186440678,6.421486440677966,20.426811864406776,60.640411864406786,0.06067627118644067,5.500408474576272,0.07837627118644068,5.375752542372881
04:26:00,43.070984745762715,20.785620338983055,3.0,0.06836440677966102,0.4361101694915254,20.62471525423729,44.59030338983052,0.031572881355932204,0.7944033898305084,0.06736101694915254,1.403633898305085
04:27:00,50.58353389830508,20.755710169491522,3.0,0.08391864406779663,5.609016949152542,20.942584745762712,50.07070169491526,0.02947966101694915,4.932884745762712,0.07457796610169493,5.139676271186441
04:28:00,55.60143559322033,20.092413559322036,3.0,0.06122033898305085,1.6080457627118645,20.072454237288138,52.359318644067784,0.019377966101694916,1.5298254237288138,0.07734406779661016,2.12435593220339
04:29:00,61.045723728813556,20.28592711864407,3.0,0.07570508474576271,4.2562254237288135,20.180072881355937,63.848816949152535,0.02774237288135593,3.4240423728813556,0.06966101694915255,3.7298593220338985
04:30:00,63.45249999999999,21.25622372881356,3.0,0.05453050847457627,2.911352542372881,21.007433898305084,56.183505084745775,0.022742372881355933,1.7314847457627118,0.05732203389830508,2.316237288135593
04:31:00,52.57441186440676,21.251774576271185,3.0,0.07289999999999998,5.553115254237289,21.376828813559325,59.204725423728824,0.029055932203389832,4.913191525423729,0.06781525423728814,4.921835593220338
04:32:00,62.91733050847458,21.022916949152542,3.0,0.09468813559322034,2.3717355932203392,20.98440169491526,57.24976101694916,0.055784745762711856,3.2166355932203388,0.08644406779661017,3.5161542372881356
04:33:00,61.53568135593221,21.135011864406778,3.0,0.05987966101694916,4.158254237288135,21.25789322033898,66.4970525423729,0.045757627118644076,2.723479661016949,0.07616101694915255,2.6842440677966106
04:34:00,54.10693559322034,20.96130169491525,3.0,0.07092203389830509,4.188594915254238,20.85422033898305,55.40976949152543,0.02228305084745763,4.067877966101694,0.05730338983050848,5.338262711864407
04:35:00,49.606042372881355,20.97924406779661,3.0,0.0687186440677966,4.290476271186441,21.04488474576271,49.175489830508475,0.035993220338983056,3.649469491525424,0.07257796610169492,4.463230508474577
04:36:00,50.25673050847457,20.903884745762713,3.0,0.09945084745762713,2.576905084745763,20.829025423728815,47.21511694915254,0.05173559322033899,1.6867457627118645,0.09422881355932203,2.571005084745763
04:37:00,46.28497457627119,20.928891525423722,3.0,0.14151016949152542,1.3256135593220337,20.848947457627123,51.02969322033898,0.050183050847457625,1.0324457627118644,0.13316440677966102,1.952886440677966
04:38:00,45.7643627118644,21.70094406779661,3.0,0.11705932203389831,1.2756508474576271,21.85143220338983,42.65243220338983,0.043005084745762714,0.4195237288135593,0.11215593220338983,0.39482711864406783
04:39:00,55.84319322033898,21.3355,3.0,0.09812372881355932,5.5442728813559325,21.139362711864408,55.201335593220335,0.04985762711864407,4.329088135593221,0.12149491525423729,5.555859322033898
04:40:00,57.1838,21.661391525423728,3.0,0.06366440677966101,10.52589322033898,21.742066101694913,56.40338305084746,0.03472711864406779,7.544994915254237,0.060867796610169486,8.049518644067797
04:41:00,55.70664915254238,21.08838644067797,3.0,0.053557627118644056,5.326718644067796,21.25692033898305,59.15125423728814,0.03509491525423728,5.926601694915255,0.05043898305084746,7.6845
04:42:00,67.14136949152542,20.91710508474576,3.0,0.07658813559322034,5.042037288135592,20.81310677966102,61.60237966101696,0.04711694915254237,4.347528813559323,0.08387796610169491,5.873808474576271
04:43:00,64.4618440677966,20.699257627118644,3.0,0.11373050847457628,4.216345762711865,20.814706779661012,64.13745593220338,0.03979491525423729,2.776654237288136,0.07462033898305084,3.2805423728813556
04:44:00,57.56586440677966,20.31438813559322,3.0,0.1536135593220339,10.541467796610172,20.225352542372878,60.716589830508475,0.0959084745762712,8.399693220338984,0.1570338983050848,9.57801186440678
04:45:00,83.50028813559324,21.59252711864407,3.0,0.06366271186440679,2.68893220338983,21.485328813559317,76.3291525423729,0.054966101694915254,3.8299813559322033,0.10415084745762712,4.9706186440677955
04:46:00,64.14297457627119,21.806806779661017,3.0,0.0522864406779661,2.3469559322033895,21.668013559322034,69.05506779661017,0.020398305084745764,2.1646474576271184,0.046361016949152525,2.31976779661017
04:47:00,64.88959999999999,22.030025423728812,3.0,0.03489491525423729,0.0,22.06355762711864,64.88959999999999,0.021198305084745767,0.0,0.03560508474576271,0.017383050847457625
04:48:00,59.61801694915254,21.486377966101696,3.0,0.04994915254237287,0.724,21.62948644067797,60.550274576271185,0.024910169491525424,0.6284491525423729,0.05132033898305084,0.6184813559322034
04:49:00,71.67733389830508,20.845525423728816,3.0,0.20524576271186445,2.408398305084746,21.316811864406777,67.33490677966103,0.05143050847457627,1.6796033898305087,0.1007677966101695,2.0189881355932204
04:50:00,64.92456101694914,18.180355932203394,3.0,0.3810728813559322,3.354640677966102,17.848001694915254,70.86969152542373,0.08295254237288135,1.6336745762711866,0.4011457627118644,2.131913559322034
04:51:00,51.880649152542375,21.741454237288135,3.0,0.09380338983050845,3.0646508474576275,21.457171186440682,49.46530847457627,0.0502135593220339,3.3510322033898303,0.1586220338983051,4.1363796610169485
04:52:00,68.48536440677967,17.7305406779661,3.0,0.3708559322033898,3.231915254237288,19.4272593220339,68.66859322033898,0.08007627118644067,2.474464406779661,0.3247627118644068,3.35698813559322
04:53:00,73.05893559322034,18.28922033898305,3.0,0.3020423728813559,5.660386440677965,17.436372881355933,71.18134237288136,0.0924542372881356,3.4902593220338978,0.30343898305084743,4.425749152542372
04:54:00,76.04649491525426,15.622477966101695,3.0,0.3409118644067797,2.5270745762711866,16.115127118644068,73.82912372881357,0.08639152542372881,2.2886847457627124,0.3387372881355932,3.3469762711864406
04:55:00,68.65981694915254,18.90852033898305,3.0,0.15591016949152545,2.464952542372881,18.149994915254236,73.06264067796609,0.05700169491525423,2.0048779661016947,0.20385932203389828,2.8734728813559323
04:56:00,67.55617457627119,17.41795593220339,3.0,0.28476440677966103,4.274462711864406,17.93505423728814,65.7892813559322,0.08458983050847457,2.497783050847458,0.24388474576271188,2.976098305084746
04:57:00,72.59347288135594,17.090037288135594,3.0,0.26270847457627117,4.9421338983050855,17.054559322033896,73.81724745762712,0.12106271186440677,4.562391525423728,0.26170677966101696,6.040098305084747
04:58:00,70.86326101694915,19.34049322033898,3.0,0.16562542372881353,2.3716915254237287,18.700537288135596,69.86737118644069,0.09179152542372881,1.9710203389830507,0.19276101694915254,2.5296000000000003
04:59:00,68.66117966101696,20.498549152542367,3.0,0.09300508474576273,2.207808474576271,20.564611864406782,68.75666440677966,0.04732542372881357,1.7583745762711864,0.10865932203389829,2.491993220338983
05:00:00,62.21691355932202,19.04503220338983,3.0,0.18824915254237287,4.021999999999999,19.617337288135598,62.06164915254238,0.07238813559322034,2.4175101694915258,0.12669661016949152,3.5467711864406777
05:01:00,65.65368983050847,15.988664406779662,3.0,0.3765203389830509,7.405025423728814,15.9814593220339,66.69772881355932,0.08522881355932203,3.8998440677966104,0.3672203389830508,4.771916949152542
05:02:00,66.63649491525425,17.817593220338985,3.0,0.15006271186440678,6.297771186440678,17.972479661016948,65.67727118644068,0.08572372881355933,7.241430508474576,0.2101305084745763,9.538176271186439
05:03:00,70.52494237288137,18.730338983050846,3.0,0.29233898305084743,1.7126627118644064,18.201620338983048,70.75443220338983,0.10716779661016951,1.218852542372881,0.26133389830508474,1.8264576271186437
05:04:00,67.49404237288135,19.37496610169492,3.0,0.21021186440677966,0.19541694915254237,19.130513559322036,68.46507627118643,0.11135762711864407,0.06416949152542373,0.21893898305084747,0.21245423728813564
05:05:00,60.033740677966115,21.03237288135593,3.0,0.10061525423728811,5.911862711864407,20.686306779661013,62.41197457627119,0.05604576271186441,3.8886898305084747,0.11530169491525423,3.867818644067796
05:06:00,59.46081355932204,21.65267966101695,3.0,0.07411186440677965,7.714313559322033,21.792164406779662,56.20816440677965,0.034945762711864406,6.186805084745762,0.08680508474576272,7.542079661016949
05:07:00,67.31016949152543,21.254108474576274,3.0,0.10853728813559321,4.598733898305086,21.244122033898307,66.57266271186441,0.07275084745762711,4.592638983050847,0.10345762711864406,6.139466101694914
05:08:00,58.95326440677965,21.383913559322036,3.0,0.07505084745762712,3.662115254237288,21.229845762711864,65.66261016949153,0.053971186440677964,2.406366101694915,0.08886949152542374,3.1301067796610167
05:09:00,62.15094745762712,17.009298305084748,3.0,0.39068305084745764,6.477364406779661,18.915130508474576,60.0941813559322,0.0520864406779661,4.558859322033898,0.3384677966101695,5.943842372881355
05:10:00,55.80365762711865,17.447184745762712,3.0,0.2626542372881356,4.423066101694915,16.36775254237288,55.96612033898305,0.06505593220338983,3.6443881355932204,0.28080338983050845,4.7073
05:11:00,59.53459152542373,16.090022033898304,3.0,0.36550169491525425,6.1733677966101705,16.552669491525425,60.53570338983052,0.08266779661016949,4.413574576271186,0.305093220338983,5.508452542372881
05:12:00,56.018610169491524,20.643427118644066,3.0,0.293442372881356,4.680261016949153,19.445737288135597,53.99204067796611,0.13535423728813561,5.087333898305085,0.3520084745762711,6.340479661016949
05:13:00,61.187606779661,20.113018644067797,3.0,0.14095254237288132,3.132471186440678,20.401693220338984,60.31754915254236,0.09785423728813558,2.9367508474576267,0.15698983050847454,3.5181576271186437
05:14:00,59.02015254237288,19.48021186440678,3.0,0.1774576271186441,4.304694915254237,19.970862711864406,58.693677966101696,0.07718813559322035,3.2583728813559323,0.14571525423728812,3.570435593220339
05:15:00,66.87230169491525,16.443427118644067,3.0,0.2664983050847458,4.419728813559322,16.770820338983054,66.28148305084746,0.13523728813559324,3.273206779661017,0.2680915254237288,4.083632203389831
05:16:00,66.42186101694914,19.915674576271186,3.0,0.19682372881355936,1.1055203389830508,19.240327118644068,65.54967457627119,0.07784576271186443,0.8494355932203389,0.24516271186440677,1.4057050847457626
05:17:00,58.39115423728815,18.7012186440678,3.0,0.23860847457627118,5.612249152542373,18.731591525423728,60.40568983050847,0.06137627118644068,4.209071186440678,0.15439152542372883,5.278901694915255
05:18:00,62.535091525423724,20.918974576271186,3.0,0.0970372881355932,6.304288135593221,20.70471525423729,60.26012881355933,0.060828813559322036,4.908477966101695,0.1827135593220339,6.082042372881356
05:19:00,70.30560338983051,19.61232711864407,3.0,0.2622237288135593,3.8596898305084753,20.406005084745765,72.06045084745763,0.02331186440677966,3.2401864406779666,0.15604576271186443,4.319911864406779
05:20:00,74.89294745762712,15.196442372881355,3.0,0.289557627118644,5.644408474576271,15.613754237288138,69.84708983050848,0.11733898305084746,4.208374576271186,0.31741525423728817,5.451922033898304
05:21:00,60.905686440677975,17.432113559322033,3.0,0.263664406779661,2.83958813559322,16.692564406779663,66.17406271186441,0.12402203389830507,1.392713559322034,0.2831135593220339,2.6907372881355927
05:22:00,66.25969999999998,16.598662711864407,3.0,0.29364745762711864,5.345442372881357,16.94196440677966,62.63257966101695,0.10795084745762712,4.353398305084746,0.29321186440677965,5.968101694915253
05:23:00,86.97415762711866,21.46611355932204,3.0,0.3381796610169491,2.3392694915254237,20.391818644067797,80.67869830508475,0.1533677966101695,1.6991338983050843,0.35532542372881354,1.7517779661016952
05:24:00,77.61466101694914,20.11005593220339,3.0,0.11049322033898304,2.1535288135593222,20.417330508474574,87.34547627118646,0.07801186440677965,1.3928389830508472,0.15299491525423728,2.994311864406779
05:25:00,62.35109999999998,21.74947627118644,3.0,0.1968847457627119,0.0,21.152767796610167,62.59244067796609,0.0575135593220339,0.10779322033898305,0.15356440677966104,0.2960084745762712
05:26:00,62.35109999999998,16.85344745762712,3.0,0.38414237288135594,0.0,18.76521355932204,62.35109999999998,0.11388305084745762,0.0,0.3945118644067796,0.0
05:27:00,61.46222033898306,14.419055932203392,3.0,0.15006779661016947,0.2271542372881356,14.385613559322033,62.084035593220335,0.08570338983050849,0.07914237288135594,0.1378,0.1598881355932203
05:28:00,59.235905084745745,16.665177966101695,3.0,0.2502745762711865,4.6586644067796605,16.490310169491526,58.02935762711864,0.13949322033898306,3.1682271186440683,0.26247288135593216,3.4849762711864405
05:29:00,72.70171525423731,16.362298305084742,3.0,0.1979254237288135,2.6895406779661015,16.355218644067797,70.37144915254237,0.0998372881355932,2.1812135593220336,0.20787627118644067,2.6663
05:30:00,75.1335440677966,17.4013813559322,3.0,0.3469440677966102,2.9769372881355927,17.255305084745764,76.04368983050847,0.0798169491525424,2.5239152542372882,0.3075864406779661,3.8580847457627114
05:31:00,73.0490033898305,16.54304915254237,3.0,0.3011813559322034,3.632961016949152,16.770681355932204,73.91853898305085,0.10451016949152543,1.777513559322034,0.29501355932203394,2.4837322033898306
05:32:00,54.644803389830514,19.103379661016945,3.0,0.37083728813559325,4.638986440677966,17.85357118644068,60.0046186440678,0.1373677966101695,3.615472881355932,0.40599661016949157,4.923025423728814
05:33:00,70.08906610169491,19.441901694915256,3.0,0.13485593220338984,2.9250457627118642,19.716522033898308,61.36690338983051,0.09744237288135593,2.8870203389830515,0.15768644067796614,3.777586440677966
05:34:00,55.785205084745755,20.216077966101693,3.0,0.23518983050847456,5.351152542372882,20.102233898305084,60.70501525423728,0.0955762711864407,4.114289830508475,0.2051491525423729,5.149337288135594
05:35:00,61.453157627118635,19.134510169491524,3.0,0.21365762711864406,7.158384745762712,18.998903389830506,63.51019830508475,0.1005084745762712,4.956354237288135,0.23481355932203388,6.227894915254236
05:36:00,58.104022033898296,18.57354915254237,3.0,0.1947949152542373,5.775845762711865,19.249957627118643,54.52569999999999,0.07133389830508477,5.377437288135593,0.19656440677966103,6.256506779661017
05:37:00,61.35569661016951,19.33127457627119,3.0,0.2025762711864407,5.902145762711863,18.80205593220339,61.6179593220339,0.08056271186440679,4.7892,0.1975728813559322,5.830757627118644
05:38:00,65.17115762711865,17.758300000000002,3.0,0.22016101694915258,1.5874745762711862,18.1143186440678,66.15877627118643,0.10892372881355933,1.074342372881356,0.22947457627118645,1.5877745762711866
05:39:00,76.40148983050847,16.593476271186443,3.0,0.28496779661016947,3.506088135593221,16.803718644067796,71.7566,0.0774135593220339,3.134849152542373,0.23140338983050848,4.24765593220339
05:40:00,74.10405254237288,17.884006779661014,3.0,0.1817084745762712,2.1074355932203392,17.99218813559322,73.65770847457628,0.07826101694915252,1.246486440677966,0.22906271186440677,1.940552542372881
05:41:00,77.72402203389831,18.345530508474575,3.0,0.2585084745762712,1.7138779661016947,17.948394915254234,78.82611355932204,0.1426593220338983,1.3125254237288138,0.24715254237288137,1.766406779661017
05:42:00,76.88393220338985,19.53719152542373,3.0,0.22274406779661018,2.2605101694915257,19.399328813559322,77.84577118644069,0.0908593220338983,1.6005406779661018,0.22117627118644065,2.226391525423729
05:43:00,65.43603389830508,17.07655593220339,3.0,0.321642372881356,5.468237288135593,17.538105084745762,65.6471406779661,0.1155084745762712,3.444338983050847,0.258164406779661,4.2327932203389835
05:44:00,59.39457288135593,18.361596610169492,3.0,0.3292728813559323,9.350394915254238,18.424189830508475,61.052393220338985,0.1795542372881356,7.803225423728814,0.36681186440677965,10.073311864406781
05:45:00,57.616354237288135,18.006474576271188,3.0,0.30481355932203386,6.635744067796609,17.58211016949153,59.29990338983051,0.19340169491525425,4.524810169491525,0.30703898305084754,6.163445762711865
05:46:00,64.29614237288136,19.121079661016942,3.0,0.2926474576271187,0.541164406779661,19.056994915254236,63.2798593220339,0.14301186440677965,1.0202593220338982,0.28288644067796614,1.9572152542372883
05:47:00,68.74115084745762,16.913189830508472,3.0,0.2914593220338984,1.2515949152542372,17.365859322033895,67.8823372881356,0.14263389830508472,0.784971186440678,0.3107457627118643,1.1722661016949152
05:48:00,62.54593898305085,19.394906779661014,3.0,0.30125762711864407,0.579893220338983,18.47752881355932,62.64985593220339,0.13423050847457627,0.33304576271186437,0.2783508474576271,0.5151457627118644
05:49:00,70.5495372881356,17.858354237288133,3.0,0.25107457627118646,2.6204389830508474,18.7999220338983,69.56632033898303,0.1538423728813559,1.4768830508474575,0.2893898305084745,1.4921305084745764
05:50:00,56.1203372881356,16.460025423728815,4.0,0.19312033898305087,4.656757627118644,16.68469152542373,60.72797796610169,0.12508644067796612,3.874127118644068,0.21452881355932205,4.79004406779661
05:51:00,61.07797796610169,15.719508474576271,4.0,0.3005542372881356,7.357398305084746,15.699594915254236,58.70423898305085,0.13289491525423727,4.977627118644067,0.2649694915254237,6.228220338983052
05:52:00,62.13322881355932,17.920772881355926,4.0,0.2583881355932203,2.8017033898305086,17.357096610169492,61.553957627118635,0.12032033898305085,2.4481898305084746,0.23678813559322037,3.299523728813559
05:53:00,66.95710508474575,18.70312711864407,4.0,0.33543389830508474,2.237340677966102,18.604149152542373,65.63248813559322,0.23796949152542368,2.4296898305084746,0.32995423728813555,3.835438983050847
05:54:00,62.179206779661016,17.582293220338986,4.0,0.21169322033898308,3.4971796610169488,17.874362711864407,63.22679830508474,0.14799152542372881,2.2312915254237287,0.2574135593220339,2.7577830508474572
05:55:00,57.32947288135594,18.616381355932205,4.0,0.30467627118644064,3.4504983050847455,18.634479661016947,57.199823728813556,0.16118474576271186,2.9950779661016944,0.26995084745762715,3.83985593220339
05:56:00,67.24545084745763,17.991410169491527,4.0,0.22014745762711868,4.9707508474576265,17.69637627118644,65.37443220338982,0.12205084745762712,4.24203220338983,0.2660694915254237,4.881298305084746
05:57:00,64.17622203389831,16.801186440677967,4.0,0.3313745762711864,5.310150847457628,17.459350847457625,66.26359491525423,0.10836101694915255,3.9235881355932203,0.27566440677966103,4.534274576271185
05:58:00,56.16856440677965,18.95339322033898,4.0,0.3304152542372881,2.3114847457627117,18.568825423728818,57.26456949152543,0.08275423728813561,2.2020288135593216,0.3350610169491526,3.30367966101695
05:59:00,75.91226949152541,18.774303389830507,4.0,0.32517627118644077,2.5936254237288137,18.057845762711864,69.2250813559322,0.13899491525423727,1.9878796610169494,0.31021694915254233,2.1764220338983047
06:00:00,56.606605084745766,19.664081355932204,4.0,0.4036271186440678,3.739291525423729,20.578927118644067,66.38241525423729,0.15804915254237287,3.357977966101695,0.4322881355932204,3.9487271186440673
06:01:00,68.85732033898304,17.77470847457627,4.0,0.5285898305084746,3.6801016949152543,16.67550169491525,64.16690677966102,0.09659152542372883,2.3284203389830505,0.42090677966101697,3.9670203389830507
06:02:00,67.01503050847457,22.188137288135593,4.0,0.2187728813559322,2.259035593220339,22.412066101694915,65.2996559322034,0.07933050847457628,0.7551474576271188,0.29692711864406784,1.023242372881356
06:03:00,77.81725932203389,21.97303050847458,4.0,0.2439762711864407,1.0479728813559321,21.37362372881356,77.18512372881355,0.1446254237288136,1.2281152542372884,0.30665254237288136,1.9767322033898305
06:04:00,63.05059322033898,22.976505084745764,4.0,0.12530847457627117,0.28858135593220335,23.119774576271183,65.60384576271186,0.05563559322033899,0.16024406779661016,0.1141728813559322,0.7341186440677967
06:05:00,58.36493220338985,20.812916949152545,4.0,0.22176271186440677,1.7573966101694913,20.9883406779661,62.0815745762712,0.018937288135593217,0.7026627118644068,0.1859152542372881,0.590857627118644
06:06:00,73.46872372881354,23.448033898305084,4.0,0.15406440677966105,2.061718644067797,22.877767796610172,67.44035423728813,0.06132542372881355,2.433949152542373,0.18056949152542373,3.341927118644067
06:07:00,72.84892711864406,23.79631355932203,4.0,0.17444745762711864,0.2882915254237289,24.101567796610166,73.24338813559321,0.0895593220338983,0.1599406779661017,0.17280169491525427,0.1237728813559322
06:08:00,71.72459999999998,21.08264915254237,4.0,0.2625338983050848,0.03206101694915254,21.45409661016949,71.77023728813559,0.13963389830508474,0.12025084745762712,0.2559542372881356,0.19207457627118643
06:09:00,71.72459999999998,21.388081355932208,4.0,0.20487966101694915,0.0,21.666552542372884,71.72459999999998,0.12188813559322036,0.0,0.21727118644067794,0.0
06:10:00,72.61929491525424,20.757979661016947,4.0,0.17986610169491526,0.2349135593220339,20.46096101694915,71.94649322033898,0.11935423728813557,0.0947542372881356,0.17666101694915254,0.0764593220338983
06:11:00,74.93274745762713,21.514600000000005,4.0,0.10896779661016949,0.07391186440677965,21.471894915254232,74.97168644067796,0.090435593220339,0.14612881355932203,0.13490169491525425,0.20365254237288136
06:12:00,71.77657457627117,19.691247457627114,4.0,0.19607457627118643,5.604599999999999,20.29722372881356,69.97548644067797,0.03984745762711864,4.560657627118644,0.1843338983050848,4.374527118644068
06:13:00,83.94575423728814,19.905538983050846,4.0,0.11535084745762712,4.779193220338984,19.784025423728814,84.7465813559322,0.06273898305084746,3.1510271186440675,0.13209830508474577,2.970415254237288
06:14:00,78.29078813559322,19.532333898305087,3.0,0.19865593220338984,2.896774576271186,19.322249152542373,80.82822372881357,0.0853457627118644,3.525028813559323,0.15721525423728813,5.280627118644068
06:15:00,64.10655932203389,19.162586440677963,3.0,0.25495762711864406,0.168,19.45786440677966,65.52191355932204,0.06272542372881357,0.12022203389830508,0.2443440677966102,0.5766050847457629
06:16:00,65.92698983050848,20.24644745762712,3.0,0.11582372881355933,1.7880338983050847,20.115113559322033,64.61004576271186,0.03127457627118644,0.8804338983050847,0.15967796610169496,1.0988762711864408
06:17:00,61.350644067796615,18.984300000000005,3.0,0.14605254237288137,6.711140677966101,19.48662372881356,61.75629830508475,0.07253050847457627,6.189549152542373,0.15357457627118645,6.338576271186441
06:18:00,66.54899830508474,19.0826779661017,3.0,0.12442033898305084,0.362513559322034,18.70902542372881,66.44148983050847,0.05386440677966101,0.48292033898305087,0.09171694915254236,1.2170508474576271
06:19:00,64.64281186440678,19.483416949152545,3.0,0.1103220338983051,3.7878508474576273,19.58520677966102,64.81132542372882,0.07641525423728814,3.2429932203389833,0.127964406779661,3.809777966101695
06:20:00,58.33769830508474,18.46117966101695,3.0,0.1905118644067796,3.0029830508474573,18.90815254237289,61.67838474576271,0.10903898305084746,1.962864406779661,0.15654406779661018,2.326742372881356
06:21:00,69.60399322033898,18.699247457627116,3.0,0.2222033898305085,1.3801372881355936,18.129186440677962,65.48399830508475,0.13183389830508474,1.2935627118644069,0.2445406779661017,2.1012745762711864
06:22:00,62.3775847457627,19.172672881355933,3.0,0.10797457627118644,3.4582762711864405,19.215850847457627,63.258630508474575,0.043244067796610164,3.1358779661016953,0.12729322033898305,3.483835593220339
06:23:00,65.34532033898306,19.403025423728817,3.0,0.11728474576271188,1.5221474576271188,19.399084745762714,65.8659779661017,0.06279491525423729,0.8071559322033898,0.1026949152542373,1.0243423728813559
06:24:00,61.07303389830509,18.820701694915257,3.0,0.18782542372881356,7.987796610169491,18.84137457627119,60.51054237288135,0.0991406779661017,6.95038813559322,0.19085084745762712,7.571622033898304
06:25:00,66.50969830508474,19.5674,3.0,0.10078983050847458,0.1097050847457627,19.461003389830505,66.32934406779661,0.0650271186440678,0.36834237288135596,0.1136457627118644,0.9907830508474575
06:26:00,61.52342372881356,19.631610169491527,3.0,0.09435762711864407,4.12755593220339,19.655881355932202,61.33483050847459,0.055747457627118635,3.4856067796610164,0.08783050847457628,3.8284101694915256
06:27:00,66.99571355932204,19.71708983050847,3.0,0.05828813559322034,0.9661050847457626,19.791261016949154,66.86769322033899,0.05143220338983052,0.5877644067796609,0.07731016949152543,1.1780898305084746
06:28:00,60.70621694915254,18.61339152542373,3.0,0.19024915254237287,4.874,19.204272881355934,61.7269966101695,0.0487542372881356,2.6401915254237287,0.1583084745762712,3.1744898305084743
06:29:00,67.07605593220339,17.446462711864406,3.0,0.12403389830508475,3.8968813559322037,17.42490677966102,65.75523898305084,0.06600847457627118,3.5644050847457627,0.13240847457627117,4.985969491525426
06:30:00,76.70962881355932,18.792157627118645,3.0,0.29619661016949156,2.119474576271186,18.80889661016949,72.03183389830508,0.048861016949152535,1.7739050847457627,0.23861525423728813,2.583174576271187
06:31:00,77.72830847457627,18.00958813559322,3.0,0.196435593220339,3.5312593220338986,17.68027966101695,79.08372881355932,0.08554745762711864,2.8926813559322033,0.25645762711864406,3.475047457627119
06:32:00,82.24341525423729,19.01056271186441,3.0,0.21815084745762706,1.5609898305084746,18.578061016949153,81.21578305084748,0.08190169491525424,1.070222033898305,0.1717338983050848,1.5411
06:33:00,84.31590847457626,20.232637288135596,3.0,0.11628135593220339,1.2599525423728815,20.309016949152543,85.45989322033898,0.06217627118644069,0.8293406779661017,0.1731389830508475,1.2784966101694917
06:34:00,73.83403220338985,21.947284745762712,3.0,0.24921525423728816,2.158525423728814,21.2943406779661,76.26366779661016,0.1283542372881356,1.4890694915254237,0.21526610169491525,1.9377440677966098
06:35:00,81.52257627118645,16.96403728813559,3.0,0.5212254237288135,1.998120338983051,18.179574576271182,79.49458813559323,0.13632542372881357,1.1783847457627117,0.47480338983050846,1.9091508474576273
06:36:00,79.37377627118643,19.983491525423734,3.0,0.20855762711864406,2.8589237288135596,19.33756949152543,80.6699474576271,0.15898644067796608,1.9639661016949153,0.2737830508474576,2.964333898305085
06:37:00,70.15787627118644,19.80042033898305,3.0,0.14603898305084748,6.172557627118644,20.17465254237288,69.04539661016949,0.10125762711864408,4.452457627118645,0.15122033898305084,4.994181355932203
06:38:00,83.57737288135594,17.76061186440678,3.0,0.32614406779661015,3.380150847457627,18.648196610169496,81.10195762711865,0.12990169491525425,3.178583050847458,0.2635135593220339,4.369657627118644
06:39:00,76.14418474576271,18.18563728813559,3.0,0.26840169491525423,1.9410813559322033,17.186405084745765,78.92760338983048,0.09487457627118644,1.0576491525423728,0.34223389830508477,2.1443237288135593
06:40:00,73.66521016949152,18.740488135593218,3.0,0.23836271186440677,2.1529118644067795,19.144057627118645,75.87568644067797,0.10763389830508475,1.4458593220338984,0.17793050847457628,2.1528762711864404
06:41:00,65.84330169491525,17.24316779661017,3.0,0.21426271186440676,2.863976271186441,17.352749152542373,64.63227627118646,0.12558305084745763,1.852362711864407,0.2653915254237288,2.3708152542372876
06:42:00,74.41243220338984,16.627938983050846,3.0,0.33560000000000006,2.9321084745762716,16.916630508474576,74.7158152542373,0.15095084745762713,2.506589830508474,0.29152881355932203,3.361993220338983
06:43:00,74.04121864406781,17.09805254237288,3.0,0.17440508474576275,3.2286745762711866,16.758513559322033,73.44586101694915,0.13027627118644067,2.2575847457627116,0.21614745762711865,3.0318118644067793
06:44:00,70.61274576271187,17.76701186440678,3.0,0.31006949152542373,1.9737389830508474,17.316916949152542,71.03137627118645,0.1380508474576271,1.6047220338983055,0.2765220338983051,2.4099322033898307
06:45:00,76.53964745762711,18.33009152542373,3.0,0.24839152542372883,1.495108474576271,18.365184745762715,73.93284915254237,0.1112508474576271,0.9360610169491523,0.24283728813559322,1.5849661016949153
06:46:00,81.79910508474575,17.906522033898305,3.0,0.18375254237288136,3.554294915254237,18.180972881355938,80.99025254237289,0.11526610169491526,2.2286305084745766,0.22058813559322035,2.806600000000001
06:47:00,80.70907288135594,18.469542372881357,3.0,0.1860322033898305,1.9323593220338984,18.33047288135593,81.90258474576272,0.11305593220338983,1.6160152542372883,0.17401186440677968,2.6494423728813565
06:48:00,80.14151694915255,18.19614576271187,3.0,0.15628135593220338,1.928484745762712,18.112022033898306,80.57690338983052,0.101864406779661,1.3577677966101696,0.15605762711864407,1.5381271186440675
06:49:00,82.75068305084747,18.60535423728814,3.0,0.2341254237288136,3.293705084745763,18.885116949152543,81.21212881355932,0.11178305084745763,2.973164406779661,0.19125593220338985,3.6444050847457623
06:50:00,83.26358135593219,18.77830338983051,3.0,0.21968813559322034,1.3710711864406782,18.402828813559324,83.06597966101694,0.13319830508474578,0.8193084745762712,0.25948474576271185,1.568337288135593
06:51:00,87.39196949152542,19.52558813559322,3.0,0.1575338983050848,1.39385593220339,19.400906779661018,85.77385593220339,0.11253220338983051,0.9767016949152543,0.16426610169491526,1.2577305084745765
06:52:00,87.17,20.308716949152544,3.0,0.0785305084745763,1.0374525423728813,20.054322033898305,88.4080033898305,0.04413898305084746,0.7249966101694915,0.10356440677966101,1.1637745762711864
06:53:00,82.88960338983051,19.1831406779661,3.0,0.15831525423728807,1.1363423728813558,19.626606779661017,84.46632711864406,0.0799406779661017,0.7221813559322032,0.14128305084745763,1.0368254237288137
06:54:00,74.7226254237288,18.554461016949148,3.0,0.21486779661016947,2.1264966101694918,18.34176440677966,74.98483050847457,0.08888474576271187,1.2301542372881358,0.18042033898305085,1.793798305084746
06:55:00,84.74785762711865,20.74620847457627,3.0,0.1256271186440678,0.8429271186440678,20.430430508474583,84.05814745762711,0.048886440677966096,0.6932271186440677,0.13458135593220338,1.2477508474576269
06:56:00,84.81953220338981,22.135820338983052,3.0,0.20635932203389828,1.137854237288136,22.11317457627119,83.05494406779661,0.11085593220338981,0.7243406779661018,0.21584067796610168,1.0771050847457626
06:57:00,82.98741525423728,22.017942372881354,3.0,0.26626610169491527,0.9797355932203388,21.91118474576271,85.27672033898305,0.1571559322033899,0.6118898305084746,0.238657627118644,1.0146796610169493
06:58:00,80.87814576271187,20.11185762711865,3.0,0.09570677966101696,1.4600033898305087,20.464638983050854,80.8880593220339,0.0687322033898305,1.039330508474576,0.15985762711864412,1.4294881355932203
06:59:00,85.01455084745761,18.581591525423725,3.0,0.3959000000000001,1.259593220338983,18.59806779661017,84.71601525423728,0.086764406779661,0.7695305084745764,0.2647186440677966,1.1893
07:00:00,80.64870847457627,19.962818644067795,3.0,0.2786440677966102,2.2862237288135594,20.253144067796608,81.14146779661017,0.14716949152542372,1.4571677966101697,0.34769491525423724,1.9954033898305086
07:01:00,73.50483389830508,22.796594915254236,3.0,0.4259864406779661,1.3609338983050845,21.343074576271185,75.67985254237287,0.14611016949152542,1.1157033898305087,0.47715423728813555,1.6406033898305088
07:02:00,75.4601813559322,22.546532203389827,3.0,0.3159864406779661,1.229740677966102,22.784823728813553,74.07083559322034,0.12706101694915253,0.8457830508474576,0.2426949152542373,1.2339915254237288
07:03:00,74.28769322033898,24.07077966101695,3.0,0.25347118644067795,2.061522033898305,24.44851186440678,73.06758305084747,0.1222677966101695,0.9886762711864406,0.1891627118644068,1.7116372881355932
07:04:00,80.52010847457626,21.441333898305086,3.0,0.33700677966101694,1.4923016949152543,21.586527118644064,80.5056406779661,0.28505423728813556,1.160679661016949,0.4531135593220339,1.6161694915254237
07:05:00,76.93345084745762,20.36455254237288,3.0,0.5465169491525425,1.3447830508474576,19.811301694915258,79.2874220338983,0.11713389830508475,0.9859271186440679,0.4141135593220339,1.4450474576271188
07:06:00,74.54268474576271,24.125057627118647,3.0,0.3180118644067797,1.2072254237288134,23.97024745762712,73.02409491525424,0.24614745762711865,0.9619338983050848,0.4394169491525424,1.3364423728813557
07:07:00,77.28986440677966,21.6422,3.0,0.2959593220338982,1.0524610169491528,22.71222033898305,77.4725949152542,0.12650677966101695,0.8421830508474576,0.29797288135593214,1.0924389830508476
07:08:00,76.44231016949153,20.829555932203387,3.0,0.2649491525423729,1.237322033898305,20.338764406779667,76.40108305084745,0.12890169491525424,0.8969118644067796,0.2508423728813559,1.177206779661017
07:09:00,81.6155406779661,19.70537457627119,3.0,0.493171186440678,1.1965440677966104,20.53741186440678,80.16569491525424,0.10892881355932203,0.8371661016949153,0.39001864406779657,1.1844932203389833
07:10:00,70.26411016949152,18.075250847457625,4.0,0.45005762711864405,2.3314406779661017,18.60453898305085,75.7841779661017,0.13941355932203392,1.1344983050847457,0.4952847457627118,1.7799593220338983
07:11:00,55.598079661016946,19.493247457627117,4.0,0.16744406779661014,4.749416949152543,19.014733898305085,54.463520338983045,0.064835593220339,3.1964288135593213,0.26340508474576274,4.689905084745762
07:12:00,70.0763627118644,19.600442372881357,4.0,0.08691016949152543,3.007916949152542,19.403857627118644,68.96219152542373,0.05240677966101695,2.538579661016949,0.07952033898305085,3.231133898305085
07:13:00,71.76840169491526,18.377988135593217,4.0,0.24778474576271187,2.152250847457627,18.939010169491524,71.55166610169492,0.08002711864406781,1.7852288135593224,0.2169135593220339,2.5342067796610164
07:14:00,67.46819661016949,19.6504593220339,4.0,0.18890508474576273,2.3292949152542373,19.080005084745757,69.2972593220339,0.07619322033898306,1.6349915254237288,0.20505254237288134,2.0302169491525426
07:15:00,62.74222542372881,20.39225762711864,4.0,0.1286440677966102,1.9731915254237289,20.428605084745765,61.20940677966101,0.0498,1.2562864406779661,0.11032372881355933,2.2066169491525427
07:16:00,83.09689152542373,19.930467796610166,4.0,0.1504237288135593,1.788315254237288,19.71719491525424,77.99491525423731,0.07216101694915254,1.2602440677966102,0.1706864406779661,1.9569559322033894
07:17:00,86.97600508474576,19.61025593220339,4.0,0.20527118644067796,1.0263644067796611,20.14437627118644,88.1128694915254,0.08839322033898306,0.8540576271186441,0.16960677966101692,1.0999830508474577
07:18:00,83.33090338983052,16.62987627118644,4.0,0.2521237288135593,2.8653474576271187,17.170177966101694,84.15178644067797,0.12343728813559322,2.441601694915254,0.2861406779661017,2.72318813559322
07:19:00,75.51960169491525,17.79454745762712,4.0,0.3731016949152542,4.345969491525423,17.76987966101695,78.45765084745764,0.15478813559322038,1.7852,0.29691016949152543,2.3660932203389833
07:20:00,56.43831694915254,17.605542372881356,4.0,0.23956271186440678,1.108430508474576,17.486310169491524,59.40642881355932,0.08243728813559323,2.2044084745762706,0.2833067796610169,3.1350898305084742
07:21:00,64.15543220338984,18.128333898305087,4.0,0.17660000000000003,3.3921474576271184,17.553988135593222,61.92626440677966,0.0741457627118644,3.376184745762712,0.2146542372881356,3.0734644067796606
07:22:00,75.48920847457627,20.015871186440673,4.0,0.18685254237288132,3.7320203389830504,19.930493220338985,73.4873661016949,0.08574915254237288,2.253498305084746,0.16740169491525428,2.699076271186441
07:23:00,96.30638644067793,19.972200000000004,4.0,0.1614796610169492,4.8891728813559325,19.89049152542373,88.72267457627117,0.08826949152542374,5.004547457627119,0.16513389830508476,6.134754237288136
07:24:00,82.58864067796611,20.148203389830506,4.0,0.25621864406779665,1.979249152542373,19.689144067796615,90.19103898305083,0.11176440677966101,1.9402966101694916,0.23460677966101698,2.3170627118644065
07:25:00,77.68251355932202,20.15622711864407,4.0,0.19891525423728817,4.097420338983051,20.756547457627118,75.77967966101694,0.1134593220338983,1.982116949152542,0.2052440677966102,2.9123915254237285
07:26:00,64.50103050847457,17.92541525423729,4.0,0.26139322033898305,2.0492508474576274,17.8918406779661,69.1948186440678,0.13137627118644069,1.6111525423728814,0.2553050847457627,3.0201932203389834
07:27:00,68.27540677966101,20.217889830508476,4.0,0.29588644067796604,0.28600508474576275,20.300272881355927,66.43037796610169,0.061555932203389827,0.08808474576271187,0.2589813559322034,0.5185067796610169
07:28:00,70.71785762711865,17.899794915254237,4.0,0.21389661016949152,2.2240796610169493,17.900640677966102,71.37125254237287,0.06610677966101695,1.3780559322033898,0.29029152542372877,1.5715457627118645
07:29:00,61.46239830508475,19.996252542372886,4.0,0.1351322033898305,9.079135593220336,19.478835593220342,60.996222033898306,0.044238983050847454,6.131372881355932,0.12226440677966101,6.2417169491525435
07:30:00,67.75063898305085,18.19468474576271,4.0,0.2793050847457627,2.2705542372881364,19.08923050847457,66.25852033898305,0.14595762711864413,3.0111779661016946,0.2603881355932203,5.046969491525422
07:31:00,71.00875593220339,16.485994915254235,4.0,0.24803898305084743,3.8734288135593222,17.051794915254238,74.80360508474575,0.1142508474576271,2.077249152542373,0.2300830508474576,2.457633898305085
07:32:00,64.66461016949154,17.284628813559323,3.0,0.29923559322033894,14.626877966101695,16.298422033898305,62.17095254237287,0.13007966101694915,9.893615254237286,0.27827796610169486,10.598996610169493
07:33:00,69.39134406779661,20.10004406779661,3.0,0.20004237288135596,8.537693220338983,19.910850847457628,64.25209491525423,0.06680338983050847,10.592301694915252,0.26930169491525424,13.157911864406781
07:34:00,72.9745288135593,21.811544067796607,3.0,0.15744406779661013,1.4480830508474578,21.425011864406784,78.68366101694916,0.04293050847457627,1.6274322033898305,0.1651915254237288,2.6510932203389834
07:35:00,71.58481525423728,20.373920338983048,3.0,0.14755932203389827,0.25158305084745763,20.61814745762712,70.46354237288136,0.11430847457627116,0.1711525423728814,0.14729322033898307,0.29316271186440684
07:36:00,71.89353050847457,20.932715254237287,3.0,0.10412203389830507,0.17434237288135593,20.696157627118644,72.30083050847458,0.07291016949152541,0.10325254237288135,0.10969152542372881,0.16183220338983054
07:37:00,68.32986271186441,21.289928813559325,3.0,0.060362711864406775,0.15870338983050847,21.400174576271187,69.1584966101695,0.05208474576271186,0.05537796610169491,0.0817084745762712,0.20062033898305087
07:38:00,71.82007966101696,21.567667796610166,3.0,0.10278135593220337,0.7635932203389831,21.25675423728813,69.63001694915255,0.043452542372881355,0.31371016949152536,0.08782542372881356,0.2910118644067796
07:39:00,79.67252881355931,16.200652542372882,3.0,0.4772644067796611,2.8792593220338984,18.18494915254237,79.79211186440678,0.07731525423728812,1.8395728813559322,0.43763559322033896,2.728357627118644
07:40:00,62.8777220338983,17.153522033898305,3.0,0.23591864406779658,3.0282610169491524,16.074184745762714,66.88667118644068,0.09480508474576271,2.4007457627118645,0.23854915254237286,3.3933932203389827
07:41:00,63.00215423728813,20.38238474576271,3.0,0.2449745762711864,4.322193220338982,19.606969491525426,62.774461016949154,0.12178474576271187,3.27185593220339,0.21199491525423725,4.272133898305084
07:42:00,65.18927457627119,20.668150847457632,3.0,0.501842372881356,2.3858271186440674,21.938198305084743,64.47869830508475,0.15116610169491523,1.7181915254237288,0.44458644067796615,2.063457627118644
07:43:00,61.235905084745774,15.229749152542373,3.0,0.18849322033898303,2.6567898305084743,15.59871525423729,63.143598305084744,0.11375593220338981,1.904864406779661,0.2781627118644068,2.5376322033898306
07:44:00,56.46722881355932,16.870530508474573,4.0,0.16078813559322036,4.151776271186441,16.514699999999998,56.75320508474576,0.09093220338983049,3.2479864406779657,0.1692779661016949,4.201483050847458
07:45:00,78.70614067796612,19.28948474576271,4.0,0.2415559322033899,4.965708474576272,18.213366101694916,70.22107118644068,0.07620169491525423,3.938293220338983,0.23141864406779666,5.045869491525423
07:46:00,67.37839152542372,18.910986440677966,4.0,0.42996949152542363,5.788335593220339,19.128986440677966,75.99862711864408,0.08608474576271186,5.403593220338983,0.3455237288135593,6.0776135593220335
07:47:00,78.24005762711862,21.502011864406782,4.0,0.13099322033898303,3.57544406779661,21.233438983050846,71.12207288135595,0.07236779661016948,3.078018644067797,0.2387966101694915,3.759216949152542
07:48:00,71.64635762711865,21.976177966101694,4.0,0.2396186440677966,4.559562711864408,22.08413898305085,78.89554915254236,0.09287966101694915,2.9076338983050847,0.1739,3.000591525423729
07:49:00,59.74371186440678,17.456061016949153,4.0,0.33054237288135596,7.378461016949153,18.197144067796614,56.801971186440674,0.08565593220338984,4.5721610169491536,0.3700372881355933,5.61976440677966
07:50:00,61.272364406779666,15.550038983050849,4.0,0.3553305084745762,3.8774237288135587,16.47387118644068,65.60111694915254,0.10307457627118642,3.876113559322033,0.31570338983050844,5.307801694915255
07:51:00,50.97578813559323,18.469837288135594,4.0,0.5135271186440679,2.9523711864406783,17.85203220338983,48.590269491525426,0.10131525423728813,2.910291525423729,0.4947254237288135,3.52747627118644
07:52:00,51.41112203389831,16.139552542372883,4.0,0.24631186440677968,5.662698305084746,15.878601694915256,54.67804067796611,0.07346101694915254,4.853450847457627,0.24911694915254237,5.253272881355932
07:53:00,62.79053220338983,22.330154237288134,4.0,0.40863050847457627,1.6453406779661015,21.31310508474576,58.68484576271186,0.15981525423728812,2.4076135593220336,0.4185067796610169,3.02231186440678
07:54:00,56.33937966101695,21.201720338983055,4.0,0.36724067796610166,4.6274169491525425,20.96125762711864,54.94932033898305,0.1667864406779661,2.620505084745763,0.3655372881355932,2.808008474576271
07:55:00,54.247223728813566,19.193823728813562,4.0,0.41353220338983054,3.3374084745762715,20.652288135593224,58.51553389830508,0.14138305084745764,3.122922033898305,0.45541355932203387,4.553308474576271
07:56:00,60.5980338983051,20.219888135593212,4.0,0.36385423728813554,5.5355203389830505,19.684530508474577,62.301906779661024,0.09040677966101694,4.154928813559322,0.3052118644067797,5.2208966101694925
07:57:00,64.27032881355933,16.798703389830507,4.0,0.521157627118644,2.9818898305084747,16.764391525423726,57.59368983050847,0.07880338983050846,1.9572559322033898,0.5000932203389831,3.341298305084746
07:58:00,65.0236661016949,20.389650847457627,4.0,0.24513728813559324,4.111147457627118,20.504037288135592,67.74500169491526,0.08244406779661018,2.6005813559322033,0.34934745762711866,3.2641322033898303
07:59:00,66.76933220338982,20.875611864406785,4.0,0.34790847457627117,3.6982084745762718,20.643693220338985,62.28902542372881,0.11523728813559321,3.1859542372881355,0.28150169491525423,4.553723728813559
08:00:00,68.04587966101695,19.341520338983052,4.0,0.21867118644067793,3.4632050847457627,19.405481355932203,70.19191016949152,0.15697118644067798,2.7583983050847456,0.2907271186440678,3.5255203389830507
08:01:00,69.55234915254238,17.82456610169492,4.0,0.31412033898305086,3.776728813559322,18.730367796610164,69.90136779661017,0.07771694915254238,2.4060932203389833,0.268528813559322,2.887362711864406
08:02:00,55.21236610169492,19.610259322033897,4.0,0.2936169491525424,5.1952,18.46015593220339,57.2840813559322,0.13748135593220343,4.674815254237288,0.3237220338983051,5.916045762711864
08:03:00,59.92940677966101,20.137218644067794,4.0,0.28893559322033896,5.480977966101695,20.0965,59.39035593220339,0.15568305084745762,3.359447457627119,0.25245254237288134,4.595769491525424
08:04:00,48.299354237288135,22.92216610169491,4.0,0.24432203389830506,4.256538983050848,22.498627118644066,49.63062542372881,0.09274067796610168,3.220040677966102,0.2904983050847458,4.0427677966101685
08:05:00,52.86283389830507,22.237049152542372,4.0,0.15122542372881356,5.244425423728814,22.470255932203386,54.845716949152546,0.09894067796610169,4.51412033898305,0.1484593220338983,5.402813559322034
08:06:00,41.065969491525436,21.471530508474572,4.0,0.13141525423728811,0.0859864406779661,21.465498305084743,42.39126101694916,0.11528474576271186,0.9201474576271187,0.14996610169491525,1.5486966101694917
08:07:00,58.401901694915246,22.300238983050846,4.0,0.09401016949152542,2.0227762711864408,22.21759491525424,54.16779661016948,0.03584745762711865,1.585069491525424,0.08794915254237289,1.5139355932203389
08:08:00,62.35575423728813,17.01738813559322,4.0,0.4890525423728813,3.4452084745762708,18.746699999999997,57.986496610169496,0.10337627118644067,2.214211864406779,0.4043050847457627,3.5367372881355936
08:09:00,76.21181525423727,20.86789152542373,4.0,0.3109949152542372,3.374081355932203,19.17331525423729,76.49132372881355,0.04858983050847457,2.4243711864406774,0.40602203389830505,3.405616949152542
08:10:00,74.40759152542373,19.839398305084742,4.0,0.2835423728813559,1.120659322033898,20.420132203389826,72.74171016949153,0.1406779661016949,0.8890067796610169,0.2400338983050848,1.5165050847457626
08:11:00,60.10588983050847,17.988750847457627,4.0,0.3349830508474576,2.757098305084746,18.686942372881358,69.20808813559321,0.1879898305084746,2.39187966101695,0.32041864406779663,2.5894457627118643
08:12:00,59.34222542372881,18.130094915254237,4.0,0.17556271186440678,6.834877966101695,17.56377627118644,54.96384576271187,0.11688135593220339,4.54278813559322,0.20172542372881355,5.797542372881356
08:13:00,79.89887966101692,21.415294915254236,4.0,0.2152915254237288,2.1441440677966104,20.748994915254244,73.79085254237286,0.06672372881355931,2.5167644067796613,0.2145915254237288,3.350513559322034
08:14:00,66.00020847457628,21.598530508474582,4.0,0.17994237288135595,5.74906779661017,21.922005084745763,70.58118474576271,0.10017966101694914,3.961591525423729,0.19185932203389833,4.8540677966101695
08:15:00,74.20245932203386,19.980142372881357,4.0,0.27270677966101703,4.795945762711865,20.403498305084746,74.84993898305085,0.12593728813559324,2.993584745762712,0.2751949152542373,3.479298305084746
08:16:00,72.65085084745763,20.94510847457627,4.0,0.23183050847457629,3.4770305084745763,20.237427118644067,70.51589152542371,0.10589152542372882,3.970052542372881,0.22375762711864408,4.758533898305084
08:17:00,57.60768983050846,21.430342372881356,4.0,0.2902016949152542,4.731040677966101,21.60873728813559,61.399771186440674,0.1579423728813559,3.27204406779661,0.2534542372881356,4.6072999999999995
08:18:00,46.13046101694916,22.684967796610167,4.0,0.2316694915254237,3.0673542372881353,22.30714576271187,47.215959322033896,0.11955932203389831,1.945266101694915,0.27129830508474573,2.9708576271186438
08:19:00,71.3637627118644,18.497898305084746,4.0,0.3638186440677965,3.083237288135593,20.263623728813563,64.83495084745763,0.0538593220338983,2.6493610169491526,0.2977474576271187,3.9424898305084746
08:20:00,65.11556949152543,14.684566101694916,4.0,0.22196101694915255,3.9912898305084745,14.798947457627118,69.81960508474577,0.06981016949152541,2.2596322033898306,0.21548474576271184,2.651276271186441
08:21:00,56.61555593220339,18.632438983050847,4.0,0.3295881355932203,7.918952542372881,17.842423728813557,56.7126779661017,0.08052542372881356,5.315447457627119,0.3732728813559322,7.23559152542373
08:22:00,61.37161016949152,18.969030508474578,4.0,0.16324067796610167,10.734583050847458,18.849037288135595,62.66655254237288,0.10287796610169492,8.432657627118644,0.2029779661016949,10.548455932203392
08:23:00,56.98112881355933,17.981079661016945,4.0,0.21443728813559323,5.726562711864405,18.360969491525424,55.22402033898305,0.08008813559322034,5.070786440677965,0.18613389830508476,6.290845762711865
08:24:00,57.11380169491526,18.59671525423729,4.0,0.28028135593220344,6.5048576271186445,18.209284745762712,58.95891186440678,0.14931186440677965,6.207669491525424,0.2919627118644067,7.75298813559322
08:25:00,59.10685762711864,20.029132203389832,4.0,0.2447237288135593,3.063005084745763,19.96408813559322,56.672686440677964,0.11771016949152545,1.8123338983050847,0.2382830508474576,2.5120610169491524
08:26:00,64.39506440677965,20.08406779661017,4.0,0.14705932203389832,2.9723779661016945,19.61936101694915,66.83010847457628,0.09362203389830506,2.262328813559322,0.17026271186440678,3.764671186440678
08:27:00,60.30499661016949,20.84595423728814,4.0,0.053484745762711866,4.766893220338982,20.880647457627116,57.251898305084744,0.03718474576271186,3.8535254237288137,0.06551694915254237,4.366054237288135
08:28:00,58.76866610169491,20.166632203389838,4.0,0.084764406779661,5.377172881355932,20.432940677966105,59.680737288135596,0.04886440677966101,3.17886779661017,0.07986779661016948,3.9980661016949153
08:29:00,61.240903389830514,19.80734745762712,4.0,0.1433084745762712,2.3500033898305093,19.632716949152545,62.86985762711864,0.06195932203389832,2.6036694915254235,0.11571016949152539,3.828533898305085
08:30:00,52.74664576271187,19.29723220338983,4.0,0.25093898305084744,9.500894915254236,20.05146949152542,54.80831186440678,0.09472372881355932,6.753991525423729,0.20964237288135593,8.087774576271187
08:31:00,67.76842372881356,17.38448474576271,4.0,0.30754745762711866,3.5979389830508475,17.663430508474576,63.72961525423728,0.1323135593220339,3.1391779661016943,0.28759152542372884,5.091022033898306
08:32:00,71.03702033898304,15.70702372881356,5.0,0.2722779661016949,3.211361016949152,16.142350847457628,69.65184915254237,0.15341016949152547,2.04931186440678,0.3049050847457627,2.959422033898305
